,name,states
2259,Adjuntas,Adjuntas
2815,Aguada,Aguada
2710,Aguadilla,Aguadilla
2876,Aguas Buenas,Aguas Buenas
151,Aibonito,Aibonito
159,Autauga,Alabama
2603,Baldwin,Alabama
1599,Barbour,Alabama
1428,Bibb,Alabama
2814,Blount,Alabama
1480,Bullock,Alabama
1084,Butler,Alabama
1620,Calhoun,Alabama
244,Chambers,Alabama
2565,Cherokee,Alabama
2441,Chilton,Alabama
1481,Choctaw,Alabama
658,Clarke,Alabama
1075,Clay,Alabama
2059,Cleburne,Alabama
215,Coffee,Alabama
2117,Colbert,Alabama
1638,Conecuh,Alabama
1698,Coosa,Alabama
2779,Covington,Alabama
1276,Crenshaw,Alabama
1118,Cullman,Alabama
2505,Dale,Alabama
875,Dallas,Alabama
2679,DeKalb,Alabama
464,Elmore,Alabama
2254,Escambia,Alabama
211,Etowah,Alabama
2123,Fayette,Alabama
2078,Franklin,Alabama
2626,Geneva,Alabama
235,Greene,Alabama
1668,Hale,Alabama
3006,Henry,Alabama
2514,Houston,Alabama
1359,Jackson,Alabama
1303,Jefferson,Alabama
2752,Lamar,Alabama
1126,Lauderdale,Alabama
1860,Lawrence,Alabama
3140,Lee,Alabama
1216,Limestone,Alabama
3034,Lowndes,Alabama
868,Macon,Alabama
2972,Madison,Alabama
2787,Marengo,Alabama
32,Marion,Alabama
2128,Marshall,Alabama
980,Mobile,Alabama
2133,Monroe,Alabama
2100,Montgomery,Alabama
567,Morgan,Alabama
2116,Perry,Alabama
765,Pickens,Alabama
855,Pike,Alabama
941,Randolph,Alabama
79,Russell,Alabama
2608,Shelby,Alabama
2835,St. Clair,Alabama
856,Sumter,Alabama
857,Talladega,Alabama
1032,Tallapoosa,Alabama
1553,Tuscaloosa,Alabama
3224,Walker,Alabama
2297,Washington,Alabama
253,Wilcox,Alabama
2142,Winston,Alabama
1033,Aleutians East,Alaska
2188,Aleutians West,Alaska
1332,Anchorage,Alaska
2609,Bethel,Alaska
1716,Bristol Bay,Alaska
2945,Denali,Alaska
2736,Dillingham,Alaska
1368,Fairbanks North Star,Alaska
1250,Haines,Alaska
3118,Hoonah-Angoon,Alaska
1340,Juneau,Alaska
2942,Kenai Peninsula,Alaska
1891,Ketchikan Gateway,Alaska
1631,Kodiak Island,Alaska
2749,Kusilvak,Alaska
2730,Lake and Peninsula,Alaska
540,Matanuska-Susitna,Alaska
2187,Nome,Alaska
315,North Slope,Alaska
603,Northwest Arctic,Alaska
1215,Petersburg,Alaska
1802,Prince of Wales-Hyder,Alaska
2568,Sitka,Alaska
1308,Skagway,Alaska
284,Southeast Fairbanks,Alaska
747,Valdez-Cordova,Alaska
1691,Wrangell,Alaska
1749,Yakutat,Alaska
1327,Yukon-Koyukuk,Alaska
3036,Manu'a,American Samoa
2343,Rose Island,American Samoa
213,Swains Island,American Samoa
1403,Arecibo,Arecibo
2984,Apache,Arizona
1812,Cochise,Arizona
405,Coconino,Arizona
1948,Gila,Arizona
885,Graham,Arizona
2813,Greenlee,Arizona
1281,La Paz,Arizona
1910,Maricopa,Arizona
1402,Mohave,Arizona
2578,Navajo,Arizona
2258,Pima,Arizona
376,Pinal,Arizona
1748,Santa Cruz,Arizona
660,Yavapai,Arizona
3137,Yuma,Arizona
3133,Arkansas,Arkansas
2735,Ashley,Arkansas
2498,Baxter,Arkansas
1741,Benton,Arkansas
2954,Boone,Arkansas
1422,Bradley,Arkansas
2046,Calhoun,Arkansas
1787,Carroll,Arkansas
1060,Chicot,Arkansas
1081,Clark,Arkansas
55,Clay,Arkansas
2826,Cleburne,Arkansas
3094,Cleveland,Arkansas
1921,Columbia,Arkansas
2183,Conway,Arkansas
1222,Craighead,Arkansas
1374,Crawford,Arkansas
1639,Crittenden,Arkansas
1710,Cross,Arkansas
3093,Dallas,Arkansas
2848,Desha,Arkansas
2888,Drew,Arkansas
1770,Dunklin,Arkansas
1377,Faulkner,Arkansas
2159,Franklin,Arkansas
1082,Fulton,Arkansas
839,Garland,Arkansas
1158,Grant,Arkansas
1962,Greene,Arkansas
352,Hempstead,Arkansas
3040,Hot Spring,Arkansas
1629,Howard,Arkansas
2000,Independence,Arkansas
2811,Izard,Arkansas
1254,Jackson,Arkansas
1557,Jefferson,Arkansas
1091,Johnson,Arkansas
1755,Lafayette,Arkansas
2339,Lawrence,Arkansas
2974,Lee,Arkansas
841,Lincoln,Arkansas
2500,Little River,Arkansas
111,Logan,Arkansas
361,Lonoke,Arkansas
2527,Madison,Arkansas
341,Marion,Arkansas
2115,Miller,Arkansas
2150,Mississippi,Arkansas
2944,Monroe,Arkansas
1022,Montgomery,Arkansas
2311,Nevada,Arkansas
1366,Newton,Arkansas
3161,Ouachita,Arkansas
1220,Perry,Arkansas
164,Phillips,Arkansas
3110,Pike,Arkansas
809,Poinsett,Arkansas
1780,Polk,Arkansas
1764,Pope,Arkansas
2327,Prairie,Arkansas
2426,Pulaski,Arkansas
1801,Randolph,Arkansas
2204,Saline,Arkansas
1103,Scott,Arkansas
381,Searcy,Arkansas
806,Sebastian,Arkansas
254,Sevier,Arkansas
2737,Sharp,Arkansas
886,St. Francis,Arkansas
956,Stone,Arkansas
2213,Union,Arkansas
2916,Van Buren,Arkansas
2390,Washington,Arkansas
183,White,Arkansas
1036,Woodruff,Arkansas
632,Yell,Arkansas
1155,Arroyo,Arroyo
652,Añasco,Añasco
2860,Barceloneta,Barceloneta
2930,Barranquitas,Barranquitas
1817,Bayamón,Bayamón
2062,Northern Islands,CNMI
3037,Tinian,CNMI
2394,Cabo Rojo,Cabo Rojo
3096,Caguas,Caguas
1035,Alameda,California
1822,Alpine,California
927,Amador,California
2638,Butte,California
2794,Calaveras,California
418,Colusa,California
1923,Contra Costa,California
2057,Del Norte,California
1116,El Dorado,California
1598,Fresno,California
1434,Glenn,California
2053,Humboldt,California
672,Imperial,California
3038,Inyo,California
1258,Kern,California
380,Kings,California
1297,Lake,California
723,Lassen,California
2688,Los Angeles,California
2964,Madera,California
1460,Marin,California
26,Mariposa,California
34,Mendocino,California
320,Merced,California
1718,Modoc,California
1572,Mono,California
2470,Monterey,California
2022,Napa,California
2069,Nevada,California
576,Orange,California
720,Placer,California
2882,Plumas,California
1378,Riverside,California
370,Sacramento,California
1712,San Benito,California
629,San Bernardino,California
2461,San Diego,California
1209,San Francisco,California
68,San Joaquin,California
697,San Luis Obispo,California
2771,San Mateo,California
2793,Santa Barbara,California
774,Santa Clara,California
1065,Santa Cruz,California
2129,Shasta,California
475,Sierra,California
1651,Siskiyou,California
2478,Solano,California
2360,Sonoma,California
191,Stanislaus,California
1166,Sutter,California
2966,Tehama,California
2475,Trinity,California
1739,Tulare,California
1106,Tuolumne,California
119,Ventura,California
162,Yolo,California
3170,Yuba,California
1052,Camuy,Camuy
2364,Canóvanas,Canóvanas
2075,Carolina,Carolina
2760,Cataño,Cataño
1512,Cayey,Cayey
378,Ciales,Ciales
1490,Cidra,Cidra
2594,Coamo,Coamo
44,Adams,Colorado
1086,Alamosa,Colorado
1175,Arapahoe,Colorado
170,Archuleta,Colorado
802,Baca,Colorado
641,Bent,Colorado
21,Boulder,Colorado
1905,Broomfield,Colorado
2468,Chaffee,Colorado
2561,Cheyenne,Colorado
1286,Clear Creek,Colorado
1763,Conejos,Colorado
988,Costilla,Colorado
2249,Crowley,Colorado
600,Custer,Colorado
2026,Delta,Colorado
1904,Denver,Colorado
2773,Dolores,Colorado
2206,Douglas,Colorado
2464,Eagle,Colorado
462,El Paso,Colorado
690,Elbert,Colorado
2469,Fremont,Colorado
2706,Garfield,Colorado
1406,Gilpin,Colorado
2675,Grand,Colorado
801,Gunnison,Colorado
2618,Hinsdale,Colorado
993,Huerfano,Colorado
3202,Jackson,Colorado
1794,Jefferson,Colorado
2884,Kiowa,Colorado
3203,Kit Carson,Colorado
822,La Plata,Colorado
2742,Lake,Colorado
2504,Larimer,Colorado
2443,Las Animas,Colorado
146,Lincoln,Colorado
1743,Logan,Colorado
1879,Mesa,Colorado
1240,Mineral,Colorado
1089,Moffat,Colorado
1108,Montezuma,Colorado
987,Montrose,Colorado
1226,Morgan,Colorado
161,Otero,Colorado
1372,Ouray,Colorado
2911,Park,Colorado
52,Phillips,Colorado
1322,Pitkin,Colorado
1549,Prowers,Colorado
2917,Pueblo,Colorado
2140,Rio Blanco,Colorado
2629,Rio Grande,Colorado
1125,Routt,Colorado
957,Saguache,Colorado
1543,San Juan,Colorado
256,San Miguel,Colorado
1998,Sedgwick,Colorado
488,Summit,Colorado
1877,Teller,Colorado
579,Washington,Colorado
3185,Weld,Colorado
3198,Yuma,Colorado
457,Comerío,Comerío
1963,Fairfield,Connecticut
2393,Hartford,Connecticut
1622,Litchfield,Connecticut
1660,Middlesex,Connecticut
1109,New Haven,Connecticut
258,New London,Connecticut
155,Tolland,Connecticut
511,Windham,Connecticut
1248,Corozal,Corozal
1878,Kent,Delaware
126,New Castle,Delaware
2481,Sussex,Delaware
2582,District of Columbia,District of Columbia
3019,Dorado,Dorado
1255,Eastern,Eastern District
2758,Alachua,Florida
441,Baker,Florida
1717,Bay,Florida
400,Bradford,Florida
931,Brevard,Florida
237,Broward,Florida
3026,Calhoun,Florida
102,Charlotte,Florida
974,Citrus,Florida
321,Clay,Florida
314,Collier,Florida
1277,Columbia,Florida
257,DeSoto,Florida
1112,Dixie,Florida
2485,Duval,Florida
1364,Escambia,Florida
2052,Flagler,Florida
78,Florida,Florida
2597,Franklin,Florida
93,Gadsden,Florida
1548,Gilchrist,Florida
2805,Glades,Florida
350,Gulf,Florida
1955,Hamilton,Florida
455,Hardee,Florida
2452,Hendry,Florida
104,Hernando,Florida
375,Highlands,Florida
3119,Hillsborough,Florida
3082,Holmes,Florida
2998,Indian River,Florida
1750,Jackson,Florida
2168,Jefferson,Florida
1026,Lafayette,Florida
1568,Lake,Florida
530,Lee,Florida
3003,Leon,Florida
2739,Levy,Florida
89,Liberty,Florida
2074,Madison,Florida
1098,Manatee,Florida
2191,Marion,Florida
1819,Martin,Florida
374,Miami-Dade,Florida
2948,Monroe,Florida
678,Nassau,Florida
2295,Okaloosa,Florida
19,Okeechobee,Florida
1195,Orange,Florida
569,Osceola,Florida
2909,Palm Beach,Florida
1001,Pasco,Florida
1345,Pinellas,Florida
1724,Polk,Florida
1838,Putnam,Florida
2759,Santa Rosa,Florida
2305,Sarasota,Florida
2479,Seminole,Florida
1561,St. Johns,Florida
432,St. Lucie,Florida
3158,Sumter,Florida
2072,Suwannee,Florida
560,Taylor,Florida
446,Union,Florida
1892,Volusia,Florida
2344,Wakulla,Florida
958,Walton,Florida
1524,Washington,Florida
1723,Appling,Georgia
2040,Atkinson,Georgia
2209,Bacon,Georgia
1873,Baker,Georgia
1774,Baldwin,Georgia
175,Banks,Georgia
609,Barrow,Georgia
496,Bartow,Georgia
2181,Ben Hill,Georgia
1688,Berrien,Georgia
2883,Bibb,Georgia
1357,Bleckley,Georgia
355,Brantley,Georgia
2076,Brooks,Georgia
1616,Bryan,Georgia
1586,Bulloch,Georgia
41,Burke,Georgia
689,Butts,Georgia
3153,Calhoun,Georgia
3166,Camden,Georgia
2474,Candler,Georgia
966,Carroll,Georgia
2270,Catoosa,Georgia
598,Charlton,Georgia
3085,Chatham,Georgia
989,Chattahoochee,Georgia
924,Chattooga,Georgia
680,Cherokee,Georgia
1922,Clarke,Georgia
2132,Clay,Georgia
2345,Clayton,Georgia
2971,Clinch,Georgia
327,Cobb,Georgia
1610,Coffee,Georgia
764,Colquitt,Georgia
106,Columbia,Georgia
1197,Cook,Georgia
1230,Coweta,Georgia
124,Crawford,Georgia
740,Crisp,Georgia
1304,Dade,Georgia
3164,Dawson,Georgia
2905,DeKalb,Georgia
1981,Decatur,Georgia
2151,Dodge,Georgia
894,Dooly,Georgia
750,Dougherty,Georgia
1119,Douglas,Georgia
2704,Early,Georgia
768,Echols,Georgia
2192,Effingham,Georgia
1839,Elbert,Georgia
2054,Emanuel,Georgia
2838,Evans,Georgia
1183,Fannin,Georgia
728,Fayette,Georgia
3009,Floyd,Georgia
472,Forsyth,Georgia
2235,Franklin,Georgia
2969,Fulton,Georgia
3007,Gilmer,Georgia
1766,Glascock,Georgia
2101,Glynn,Georgia
1324,Gordon,Georgia
933,Grady,Georgia
2639,Greene,Georgia
292,Gwinnett,Georgia
25,Habersham,Georgia
272,Hall,Georgia
2369,Hancock,Georgia
2699,Haralson,Georgia
1203,Harris,Georgia
1088,Hart,Georgia
1509,Heard,Georgia
1235,Henry,Georgia
1881,Houston,Georgia
1967,Irwin,Georgia
1061,Jackson,Georgia
2482,Jasper,Georgia
312,Jeff Davis,Georgia
636,Jefferson,Georgia
2859,Jenkins,Georgia
1930,Johnson,Georgia
1939,Jones,Georgia
224,Lamar,Georgia
905,Lanier,Georgia
2526,Laurens,Georgia
2342,Lee,Georgia
421,Liberty,Georgia
2119,Lincoln,Georgia
1325,Long,Georgia
2747,Lowndes,Georgia
2096,Lumpkin,Georgia
595,Macon,Georgia
668,Madison,Georgia
1578,Marion,Georgia
2557,McDuffie,Georgia
95,McIntosh,Georgia
1335,Meriwether,Georgia
2865,Miller,Georgia
2656,Mitchell,Georgia
1532,Monroe,Georgia
1732,Montgomery,Georgia
3058,Morgan,Georgia
3193,Murray,Georgia
2027,Muscogee,Georgia
1527,Newton,Georgia
1515,Oconee,Georgia
1858,Oglethorpe,Georgia
1681,Paulding,Georgia
2718,Peach,Georgia
2110,Pickens,Georgia
2276,Pierce,Georgia
644,Pike,Georgia
2347,Polk,Georgia
1608,Pulaski,Georgia
2321,Putnam,Georgia
1142,Quitman,Georgia
2864,Rabun,Georgia
1853,Randolph,Georgia
649,Richmond,Georgia
769,Rockdale,Georgia
1614,Schley,Georgia
831,Screven,Georgia
1417,Seminole,Georgia
2329,Spalding,Georgia
1829,Stephens,Georgia
298,Stewart,Georgia
1107,Sumter,Georgia
404,Talbot,Georgia
1444,Taliaferro,Georgia
2540,Tattnall,Georgia
2185,Taylor,Georgia
1516,Telfair,Georgia
2902,Terrell,Georgia
2432,Thomas,Georgia
2589,Tift,Georgia
238,Toombs,Georgia
1956,Towns,Georgia
139,Treutlen,Georgia
1945,Troup,Georgia
2630,Turner,Georgia
1115,Twiggs,Georgia
20,Union,Georgia
2577,Upson,Georgia
1733,Walker,Georgia
716,Walton,Georgia
2415,Ware,Georgia
186,Warren,Georgia
1242,Washington,Georgia
1127,Wayne,Georgia
412,Webster,Georgia
1120,Wheeler,Georgia
865,White,Georgia
1648,Whitfield,Georgia
177,Wilcox,Georgia
3106,Wilkes,Georgia
2125,Wilkinson,Georgia
2840,Worth,Georgia
3031,Guam,Guam
1604,Guayama,Guayama
588,Guayanilla,Guayanilla
42,Peñuelas,Guayanilla
1043,Guaynabo,Guaynabo
2411,Gurabo,Gurabo
2061,Hatillo,Hatillo
2877,Hawaii,Hawaii
8,Honolulu,Hawaii
2515,Kalawao,Hawaii
2748,Kauai,Hawaii
2085,Maui,Hawaii
1785,Hormigueros,Hormigueros
3053,Humacao,Humacao
1486,Ada,Idaho
2932,Adams,Idaho
1511,Bannock,Idaho
937,Bear Lake,Idaho
2806,Benewah,Idaho
751,Bingham,Idaho
127,Blaine,Idaho
2172,Boise,Idaho
2045,Bonner,Idaho
2122,Bonneville,Idaho
2995,Boundary,Idaho
621,Butte,Idaho
1070,Camas,Idaho
216,Canyon,Idaho
2093,Caribou,Idaho
301,Cassia,Idaho
823,Clark,Idaho
1489,Clearwater,Idaho
2354,Custer,Idaho
1211,Elmore,Idaho
2004,Franklin,Idaho
2294,Fremont,Idaho
2906,Gem,Idaho
339,Gooding,Idaho
613,Idaho,Idaho
1540,Jefferson,Idaho
2683,Jerome,Idaho
3014,Kootenai,Idaho
2431,Latah,Idaho
2501,Lemhi,Idaho
1624,Lewis,Idaho
2778,Lincoln,Idaho
602,Madison,Idaho
2828,Minidoka,Idaho
2925,Nez Perce,Idaho
2959,Oneida,Idaho
2196,Owyhee,Idaho
2173,Payette,Idaho
1556,Power,Idaho
772,Shoshone,Idaho
2016,Teton,Idaho
1282,Twin Falls,Idaho
2711,Valley,Idaho
793,Washington,Idaho
263,Adams,Illinois
2863,Alexander,Illinois
1080,Bond,Illinois
427,Boone,Illinois
2450,Brown,Illinois
1786,Bureau,Illinois
1986,Carroll,Illinois
2622,Cass,Illinois
2650,Champaign,Illinois
1979,Christian,Illinois
382,Clark,Illinois
2560,Clay,Illinois
2939,Clinton,Illinois
7,Coles,Illinois
1210,Cook,Illinois
120,Crawford,Illinois
2796,Cumberland,Illinois
2381,De Witt,Illinois
2368,DeKalb,Illinois
2700,Douglas,Illinois
1740,DuPage,Illinois
673,Edgar,Illinois
347,Edwards,Illinois
2457,Effingham,Illinois
59,Fayette,Illinois
616,Ford,Illinois
486,Franklin,Illinois
2009,Fulton,Illinois
1457,Gallatin,Illinois
526,Greene,Illinois
2049,Grundy,Illinois
142,Hamilton,Illinois
960,Hancock,Illinois
289,Hardin,Illinois
1063,Henderson,Illinois
525,Henry,Illinois
3029,Iroquois,Illinois
2897,Jackson,Illinois
547,Jasper,Illinois
1747,Jefferson,Illinois
1194,Jersey,Illinois
1579,Jo Daviess,Illinois
878,Johnson,Illinois
638,Kane,Illinois
3042,Kankakee,Illinois
1208,Kendall,Illinois
1982,Knox,Illinois
2738,LaSalle,Illinois
1972,Lake,Illinois
1637,Lawrence,Illinois
1096,Lee,Illinois
3165,Livingston,Illinois
2080,Logan,Illinois
1901,Macon,Illinois
1163,Macoupin,Illinois
1623,Madison,Illinois
1275,Marion,Illinois
1031,Marshall,Illinois
285,Mason,Illinois
2728,Massac,Illinois
1253,McDonough,Illinois
2542,McHenry,Illinois
1781,McLean,Illinois
268,Menard,Illinois
2006,Mercer,Illinois
318,Monroe,Illinois
2241,Montgomery,Illinois
428,Morgan,Illinois
2503,Moultrie,Illinois
1596,Ogle,Illinois
2871,Peoria,Illinois
300,Perry,Illinois
1445,Piatt,Illinois
3180,Pike,Illinois
968,Pope,Illinois
553,Pulaski,Illinois
2141,Putnam,Illinois
2842,Randolph,Illinois
3152,Richland,Illinois
324,Saline,Illinois
1491,Sangamon,Illinois
2598,Schuyler,Illinois
1104,Scott,Illinois
1832,Shelby,Illinois
30,St. Clair,Illinois
992,Stark,Illinois
148,Stephenson,Illinois
1388,Tazewell,Illinois
2938,Union,Illinois
1132,Vermilion,Illinois
2231,Wabash,Illinois
549,Warren,Illinois
1102,Washington,Illinois
3051,Wayne,Illinois
999,White,Illinois
1636,Whiteside,Illinois
1399,Will,Illinois
2263,Williamson,Illinois
879,Winnebago,Illinois
2165,Woodford,Illinois
2891,Adams,Indiana
2232,Allen,Indiana
1205,Bartholomew,Indiana
704,Benton,Indiana
1653,Blackford,Indiana
2301,Boone,Indiana
757,Brown,Indiana
2919,Carroll,Indiana
1555,Cass,Indiana
1714,Clark,Indiana
2866,Clay,Indiana
505,Clinton,Indiana
1020,Crawford,Indiana
2867,Daviess,Indiana
3095,DeKalb,Indiana
1415,Dearborn,Indiana
2357,Decatur,Indiana
2850,Delaware,Indiana
975,Dubois,Indiana
2831,Elkhart,Indiana
467,Fayette,Indiana
1241,Floyd,Indiana
2845,Fountain,Indiana
2011,Franklin,Indiana
1696,Fulton,Indiana
2245,Gibson,Indiana
415,Grant,Indiana
2139,Greene,Indiana
118,Hamilton,Indiana
2484,Hancock,Indiana
3052,Harrison,Indiana
2550,Hendricks,Indiana
732,Henry,Indiana
2530,Howard,Indiana
2449,Huntington,Indiana
2531,Jackson,Indiana
820,Jasper,Indiana
1728,Jay,Indiana
45,Jefferson,Indiana
790,Jennings,Indiana
2034,Johnson,Indiana
1247,Knox,Indiana
2177,Kosciusko,Indiana
1584,LaGrange,Indiana
1323,LaPorte,Indiana
1201,Lake,Indiana
2104,Lawrence,Indiana
2880,Madison,Indiana
1645,Marion,Indiana
1661,Marshall,Indiana
682,Martin,Indiana
1761,Miami,Indiana
336,Monroe,Indiana
1455,Montgomery,Indiana
2841,Morgan,Indiana
1783,Newton,Indiana
1517,Noble,Indiana
105,Ohio,Indiana
109,Orange,Indiana
1004,Owen,Indiana
1062,Parke,Indiana
2346,Perry,Indiana
2870,Pike,Indiana
1105,Porter,Indiana
3136,Posey,Indiana
1937,Pulaski,Indiana
1420,Putnam,Indiana
153,Randolph,Indiana
1679,Ripley,Indiana
1468,Rush,Indiana
377,Scott,Indiana
2991,Shelby,Indiana
3080,Spencer,Indiana
2161,St. Joseph,Indiana
2499,Starke,Indiana
356,Steuben,Indiana
563,Sullivan,Indiana
3073,Switzerland,Indiana
1321,Tippecanoe,Indiana
3069,Tipton,Indiana
14,Union,Indiana
739,Vanderburgh,Indiana
134,Vermillion,Indiana
1582,Vigo,Indiana
230,Wabash,Indiana
973,Warren,Indiana
2681,Warrick,Indiana
1067,Washington,Indiana
2988,Wayne,Indiana
1675,Wells,Indiana
2641,White,Indiana
2665,Whitley,Indiana
1799,Adair,Iowa
1054,Adams,Iowa
1435,Allamakee,Iowa
403,Appanoose,Iowa
2741,Audubon,Iowa
1341,Benton,Iowa
3023,Black Hawk,Iowa
897,Boone,Iowa
691,Bremer,Iowa
1971,Buchanan,Iowa
2386,Buena Vista,Iowa
785,Butler,Iowa
121,Calhoun,Iowa
479,Carroll,Iowa
1310,Cass,Iowa
2564,Cedar,Iowa
1050,Cerro Gordo,Iowa
437,Cherokee,Iowa
261,Chickasaw,Iowa
1094,Clarke,Iowa
787,Clay,Iowa
2029,Clayton,Iowa
1788,Clinton,Iowa
1280,Crawford,Iowa
147,Dallas,Iowa
2171,Davis,Iowa
1443,Decatur,Iowa
1843,Delaware,Iowa
2179,Des Moines,Iowa
1918,Dickinson,Iowa
2588,Dubuque,Iowa
1862,Emmet,Iowa
1459,Fayette,Iowa
305,Floyd,Iowa
2543,Franklin,Iowa
662,Fremont,Iowa
916,Greene,Iowa
1947,Grundy,Iowa
807,Guthrie,Iowa
2095,Hamilton,Iowa
1906,Hancock,Iowa
2628,Hardin,Iowa
1669,Harrison,Iowa
1976,Henry,Iowa
827,Howard,Iowa
1418,Humboldt,Iowa
1656,Ida,Iowa
1279,Iowa,Iowa
1916,Jackson,Iowa
2967,Jasper,Iowa
969,Jefferson,Iowa
1015,Johnson,Iowa
541,Jones,Iowa
877,Keokuk,Iowa
2118,Kossuth,Iowa
1968,Lee,Iowa
1571,Linn,Iowa
1756,Louisa,Iowa
2536,Lucas,Iowa
2649,Lyon,Iowa
714,Madison,Iowa
2148,Mahaska,Iowa
1575,Marion,Iowa
2625,Marshall,Iowa
2934,Mills,Iowa
1380,Mitchell,Iowa
195,Monona,Iowa
2653,Monroe,Iowa
2496,Montgomery,Iowa
458,Muscatine,Iowa
3223,O'Brien,Iowa
2525,Osceola,Iowa
903,Page,Iowa
715,Palo Alto,Iowa
2416,Plymouth,Iowa
1999,Pocahontas,Iowa
2960,Polk,Iowa
2968,Pottawattamie,Iowa
614,Poweshiek,Iowa
372,Ringgold,Iowa
1554,Rock Island,Iowa
2849,Sac,Iowa
2302,Scott,Iowa
3149,Shelby,Iowa
2218,Sioux,Iowa
1591,Story,Iowa
922,Tama,Iowa
1501,Taylor,Iowa
1589,Union,Iowa
867,Van Buren,Iowa
1292,Wapello,Iowa
259,Warren,Iowa
96,Washington,Iowa
2596,Wayne,Iowa
1544,Webster,Iowa
2444,Winnebago,Iowa
419,Winneshiek,Iowa
2978,Woodbury,Iowa
11,Worth,Iowa
2611,Wright,Iowa
3090,Isabela,Isabela
2242,Jayuya,Jayuya
85,Juana Díaz,Juana Díaz
1936,Juncos,Juncos
3148,Allen,Kansas
344,Anderson,Kansas
1804,Atchison,Kansas
1029,Barber,Kansas
2031,Barton,Kansas
3064,Bourbon,Kansas
2492,Brown,Kansas
2146,Butler,Kansas
1615,Chase,Kansas
2333,Chautauqua,Kansas
2593,Cherokee,Kansas
1346,Cheyenne,Kansas
558,Clark,Kansas
1488,Clay,Kansas
738,Cloud,Kansas
2434,Coffey,Kansas
1237,Comanche,Kansas
1090,Cowley,Kansas
3189,Crawford,Kansas
2903,Decatur,Kansas
570,Dickinson,Kansas
3123,Doniphan,Kansas
1234,Douglas,Kansas
1289,Edwards,Kansas
456,Elk,Kansas
2,Ellis,Kansas
1171,Ellsworth,Kansas
1287,Finney,Kansas
753,Ford,Kansas
3147,Franklin,Kansas
1466,Geary,Kansas
1117,Gove,Kansas
1478,Graham,Kansas
2097,Grant,Kansas
3116,Gray,Kansas
239,Greeley,Kansas
1539,Greenwood,Kansas
963,Hamilton,Kansas
2081,Harper,Kansas
1746,Harvey,Kansas
187,Haskell,Kansas
2879,Hodgeman,Kansas
816,Jackson,Kansas
1617,Jefferson,Kansas
631,Jewell,Kansas
1343,Johnson,Kansas
2992,Kearny,Kansas
2313,Kingman,Kansas
3207,Kiowa,Kansas
2375,Labette,Kansas
712,Lane,Kansas
1424,Leavenworth,Kansas
3071,Lincoln,Kansas
1708,Linn,Kansas
1846,Logan,Kansas
709,Lyon,Kansas
1682,Marion,Kansas
3219,Marshall,Kansas
717,McPherson,Kansas
2993,Meade,Kansas
1363,Miami,Kansas
1925,Mitchell,Kansas
2317,Montgomery,Kansas
3187,Morris,Kansas
1932,Morton,Kansas
1526,Nemaha,Kansas
1482,Neosho,Kansas
2070,Ness,Kansas
2433,Norton,Kansas
2463,Osage,Kansas
2184,Osborne,Kansas
439,Ottawa,Kansas
2264,Pawnee,Kansas
2790,Phillips,Kansas
1097,Pottawatomie,Kansas
1196,Pratt,Kansas
2300,Rawlins,Kansas
1991,Reno,Kansas
1193,Republic,Kansas
1278,Rice,Kansas
3016,Riley,Kansas
2776,Rooks,Kansas
2244,Rush,Kansas
1809,Russell,Kansas
75,Saline,Kansas
506,Scott,Kansas
351,Sedgwick,Kansas
1055,Seward,Kansas
1470,Shawnee,Kansas
2982,Sheridan,Kansas
1563,Sherman,Kansas
1950,Smith,Kansas
1046,Stafford,Kansas
722,Stanton,Kansas
1010,Stevens,Kansas
746,Sumner,Kansas
2855,Thomas,Kansas
3132,Trego,Kansas
3005,Wabaunsee,Kansas
2003,Wallace,Kansas
197,Washington,Kansas
2997,Wichita,Kansas
554,Wilson,Kansas
1726,Woodson,Kansas
2717,Wyandotte,Kansas
2566,Adair,Kentucky
1078,Allen,Kentucky
2654,Anderson,Kentucky
900,Ballard,Kentucky
581,Barren,Kentucky
1993,Bath,Kentucky
2058,Bell,Kentucky
3175,Boone,Kentucky
112,Bourbon,Kentucky
1885,Boyd,Kentucky
517,Boyle,Kentucky
2953,Bracken,Kentucky
2170,Breathitt,Kentucky
568,Breckinridge,Kentucky
2160,Bullitt,Kentucky
2950,Butler,Kentucky
1430,Caldwell,Kentucky
3077,Calloway,Kentucky
1621,Campbell,Kentucky
3176,Carlisle,Kentucky
1519,Carroll,Kentucky
880,Carter,Kentucky
1179,Casey,Kentucky
2646,Christian,Kentucky
2990,Clark,Kentucky
2816,Clay,Kentucky
2222,Clinton,Kentucky
828,Crittenden,Kentucky
1966,Cumberland,Kentucky
43,Daviess,Kentucky
2233,Edmonson,Kentucky
626,Elliott,Kentucky
2158,Estill,Kentucky
279,Fayette,Kentucky
2338,Fleming,Kentucky
1251,Floyd,Kentucky
1876,Franklin,Kentucky
2907,Gallatin,Kentucky
2440,Garrard,Kentucky
2605,Grant,Kentucky
743,Graves,Kentucky
912,Grayson,Kentucky
981,Green,Kentucky
754,Greenup,Kentucky
2940,Hancock,Kentucky
3205,Hardin,Kentucky
2820,Harlan,Kentucky
3131,Harrison,Kentucky
1852,Hart,Kentucky
1369,Henderson,Kentucky
545,Henry,Kentucky
61,Hickman,Kentucky
651,Hopkins,Kentucky
1849,Jackson,Kentucky
1744,Jefferson,Kentucky
2830,Jessamine,Kentucky
2898,Johnson,Kentucky
1099,Kenton,Kentucky
2684,Knott,Kentucky
3075,Knox,Kentucky
2640,Larue,Kentucky
316,Laurel,Kentucky
1448,Lawrence,Kentucky
986,Lee,Kentucky
2507,Leslie,Kentucky
2087,Letcher,Kentucky
1396,Lewis,Kentucky
434,Lincoln,Kentucky
322,Livingston,Kentucky
2722,Logan,Kentucky
2852,Lyon,Kentucky
2810,Madison,Kentucky
188,Magoffin,Kentucky
2334,Marion,Kentucky
433,Marshall,Kentucky
2927,Martin,Kentucky
2166,Mason,Kentucky
890,McCracken,Kentucky
2761,McCreary,Kentucky
2659,McLean,Kentucky
1181,Meade,Kentucky
688,Menifee,Kentucky
2293,Mercer,Kentucky
1180,Metcalfe,Kentucky
2389,Monroe,Kentucky
1153,Montgomery,Kentucky
373,Morgan,Kentucky
1449,Muhlenberg,Kentucky
100,Nelson,Kentucky
474,Nicholas,Kentucky
58,Ohio,Kentucky
679,Oldham,Kentucky
1776,Owen,Kentucky
265,Owsley,Kentucky
583,Pendleton,Kentucky
1897,Perry,Kentucky
1493,Pike,Kentucky
1927,Powell,Kentucky
1141,Pulaski,Kentucky
383,Robertson,Kentucky
1525,Rockcastle,Kentucky
1742,Rowan,Kentucky
810,Russell,Kentucky
962,Scott,Kentucky
323,Shelby,Kentucky
915,Simpson,Kentucky
3100,Spencer,Kentucky
2832,Taylor,Kentucky
3089,Todd,Kentucky
778,Trigg,Kentucky
1056,Trimble,Kentucky
891,Union,Kentucky
2624,Warren,Kentucky
2727,Washington,Kentucky
2107,Wayne,Kentucky
1189,Webster,Kentucky
1016,Whitley,Kentucky
123,Wolfe,Kentucky
1643,Woodford,Kentucky
670,Lajas,Lajas
3035,Lares,Lares
586,Las Marías,Las Marías
955,Las Piedras,Las Piedras
1771,Acadia,Louisiana
189,Allen,Louisiana
1990,Ascension,Louisiana
420,Assumption,Louisiana
1715,Avoyelles,Louisiana
2780,Beauregard,Louisiana
2425,Bienville,Louisiana
1408,Bossier,Louisiana
1954,Caddo,Louisiana
222,Calcasieu,Louisiana
2348,Caldwell,Louisiana
2065,Cameron,Louisiana
2616,Catahoula,Louisiana
38,Claiborne,Louisiana
2283,De Soto,Louisiana
1850,East Baton Rouge,Louisiana
1565,East Carroll,Louisiana
617,East Feliciana,Louisiana
742,Evangeline,Louisiana
2553,Franklin,Louisiana
2798,Grant,Louisiana
1139,Iberia,Louisiana
3157,Iberville,Louisiana
13,Jackson,Louisiana
2064,Jefferson,Louisiana
23,Jefferson Davis,Louisiana
1367,LaSalle,Louisiana
1462,Lafayette,Louisiana
2655,Lafourche,Louisiana
1551,Lincoln,Louisiana
797,Livingston,Louisiana
2772,Madison,Louisiana
1484,Morehouse,Louisiana
555,Natchitoches,Louisiana
1427,Orleans,Louisiana
1518,Ouachita,Louisiana
521,Plaquemines,Louisiana
1585,Pointe Coupee,Louisiana
3061,Rapides,Louisiana
1721,Red River,Louisiana
627,Richland,Louisiana
1390,Sabine,Louisiana
3030,St. Bernard,Louisiana
3115,St. Charles,Louisiana
1413,St. Helena,Louisiana
872,St. James,Louisiana
917,St. John the Baptist,Louisiana
1931,St. Landry,Louisiana
2032,St. Martin,Louisiana
923,St. Mary,Louisiana
1959,St. Tammany,Louisiana
818,Tangipahoa,Louisiana
2350,Tensas,Louisiana
1627,Terrebonne,Louisiana
1994,Union,Louisiana
2130,Vermilion,Louisiana
2497,Vernon,Louisiana
1028,Washington,Louisiana
640,Webster,Louisiana
3103,West Baton Rouge,Louisiana
337,West Carroll,Louisiana
454,West Feliciana,Louisiana
2614,Winn,Louisiana
470,Luquillo,Luquillo
2109,Androscoggin,Maine
2894,Aroostook,Maine
1154,Cumberland,Maine
800,Franklin,Maine
2323,Hancock,Maine
1263,Kennebec,Maine
2764,Knox,Maine
3195,Lincoln,Maine
1129,Oxford,Maine
647,Penobscot,Maine
1143,Piscataquis,Maine
480,Sagadahoc,Maine
2670,Somerset,Maine
2271,Waldo,Maine
611,Washington,Maine
297,York,Maine
2401,Manatí,Manatí
1699,Maricao,Maricao
1314,Allegany,Maryland
1919,Anne Arundel,Maryland
1896,Baltimore,Maryland
2921,Baltimore,Maryland
269,Calvert,Maryland
2539,Caroline,Maryland
390,Carroll,Maryland
2569,Cecil,Maryland
1162,Charles,Maryland
850,Dorchester,Maryland
1352,Frederick,Maryland
513,Garrett,Maryland
2287,Harford,Maryland
2392,Howard,Maryland
2066,Kent,Maryland
3171,Montgomery,Maryland
287,Prince George's,Maryland
165,Queen Anne's,Maryland
2508,Somerset,Maryland
2511,St. Mary's,Maryland
1257,Talbot,Maryland
2989,Washington,Maryland
2733,Wicomico,Maryland
0,Worcester,Maryland
606,Barnstable,Massachusetts
1351,Berkshire,Massachusetts
502,Bristol,Massachusetts
3154,Dukes,Massachusetts
338,Essex,Massachusetts
2554,Franklin,Massachusetts
853,Hampden,Massachusetts
2680,Hampshire,Massachusetts
2042,Middlesex,Massachusetts
2367,Nantucket,Massachusetts
1533,Norfolk,Massachusetts
950,Plymouth,Massachusetts
2447,Suffolk,Massachusetts
2014,Worcester,Massachusetts
1375,Maunabo,Maunabo
2013,Mayagüez,Mayagüez
2462,Alcona,Michigan
110,Alger,Michigan
929,Allegan,Michigan
103,Alpena,Michigan
2467,Antrim,Michigan
1041,Arenac,Michigan
2012,Baraga,Michigan
388,Barry,Michigan
1625,Bay,Michigan
1711,Benzie,Michigan
495,Berrien,Michigan
87,Branch,Michigan
537,Calhoun,Michigan
453,Cass,Michigan
1528,Charlevoix,Michigan
1737,Cheboygan,Michigan
821,Clare,Michigan
1791,Clinton,Michigan
2528,Crawford,Michigan
471,Delta,Michigan
2973,Dickinson,Michigan
1291,Eaton,Michigan
2308,Emmet,Michigan
2404,Genesee,Michigan
2862,Gladwin,Michigan
136,Gogebic,Michigan
3088,Grand Traverse,Michigan
1485,Gratiot,Michigan
1825,Hillsdale,Michigan
203,Houghton,Michigan
775,Huron,Michigan
2933,Ingham,Michigan
2744,Ionia,Michigan
1133,Iosco,Michigan
982,Iron,Michigan
1989,Isabella,Michigan
2126,Jackson,Michigan
325,Kalamazoo,Michigan
1811,Kalkaska,Michigan
776,Kent,Michigan
2089,Keweenaw,Michigan
2465,Lake,Michigan
2599,Lapeer,Michigan
1079,Leelanau,Michigan
2555,Lenawee,Michigan
1360,Livingston,Michigan
724,Luce,Michigan
2427,Mackinac,Michigan
2419,Macomb,Michigan
919,Manistee,Michigan
1442,Marquette,Michigan
1110,Mason,Michigan
653,Mecosta,Michigan
702,Menominee,Michigan
2428,Midland,Michigan
198,Missaukee,Michigan
2316,Monroe,Michigan
1619,Montcalm,Michigan
2374,Montmorency,Michigan
346,Muskegon,Michigan
362,Newaygo,Michigan
2430,Oakland,Michigan
1362,Oceana,Michigan
138,Ogemaw,Michigan
2800,Ontonagon,Michigan
202,Osceola,Michigan
1217,Oscoda,Michigan
1025,Otsego,Michigan
2466,Ottawa,Michigan
1128,Presque Isle,Michigan
135,Roscommon,Michigan
1144,Saginaw,Michigan
1546,Sanilac,Michigan
1784,Schoolcraft,Michigan
2601,Shiawassee,Michigan
1358,St. Clair,Michigan
1326,St. Joseph,Michigan
1477,Tuscola,Michigan
1677,Van Buren,Michigan
1013,Washtenaw,Michigan
364,Wayne,Michigan
529,Wexford,Michigan
1083,Aitkin,Minnesota
1256,Anoka,Minnesota
2252,Becker,Minnesota
394,Beltrami,Minnesota
1593,Benton,Minnesota
2335,Big Stone,Minnesota
2336,Blue Earth,Minnesota
88,Brown,Minnesota
3083,Carlton,Minnesota
2783,Carver,Minnesota
1252,Cass,Minnesota
3079,Chippewa,Minnesota
1101,Chisago,Minnesota
2124,Clay,Minnesota
2547,Clearwater,Minnesota
1135,Cook,Minnesota
2694,Cottonwood,Minnesota
2621,Crow Wing,Minnesota
1588,Dakota,Minnesota
1320,Dodge,Minnesota
2770,Douglas,Minnesota
436,Faribault,Minnesota
108,Fillmore,Minnesota
2237,Freeborn,Minnesota
1000,Goodhue,Minnesota
69,Grant,Minnesota
2651,Hennepin,Minnesota
812,Houston,Minnesota
1674,Hubbard,Minnesota
1264,Isanti,Minnesota
2143,Itasca,Minnesota
2910,Jackson,Minnesota
1933,Kanabec,Minnesota
835,Kandiyohi,Minnesota
1514,Kittson,Minnesota
842,Koochiching,Minnesota
1662,Lac qui Parle,Minnesota
2615,Lake,Minnesota
639,Lake of the Woods,Minnesota
2063,Le Sueur,Minnesota
2951,Lincoln,Minnesota
2821,Lyon,Minnesota
677,Mahnomen,Minnesota
1342,Marshall,Minnesota
1520,Martin,Minnesota
231,McLeod,Minnesota
46,Meeker,Minnesota
3012,Mille Lacs,Minnesota
196,Morrison,Minnesota
57,Mower,Minnesota
417,Murray,Minnesota
3214,Nicollet,Minnesota
1672,Nobles,Minnesota
1567,Norman,Minnesota
3020,Olmsted,Minnesota
1941,Otter Tail,Minnesota
1949,Pennington,Minnesota
1147,Pine,Minnesota
794,Pipestone,Minnesota
946,Polk,Minnesota
2571,Pope,Minnesota
2163,Ramsey,Minnesota
206,Red Lake,Minnesota
2217,Redwood,Minnesota
2533,Renville,Minnesota
1720,Rice,Minnesota
487,Rock,Minnesota
1657,Roseau,Minnesota
132,Scott,Minnesota
178,Sherburne,Minnesota
2576,Sibley,Minnesota
544,St. Louis,Minnesota
1496,Stearns,Minnesota
2094,Steele,Minnesota
556,Stevens,Minnesota
1983,Swift,Minnesota
363,Todd,Minnesota
888,Traverse,Minnesota
534,Wabasha,Minnesota
1834,Wadena,Minnesota
838,Waseca,Minnesota
2407,Washington,Minnesota
2581,Watonwan,Minnesota
1262,Wilkin,Minnesota
1569,Winona,Minnesota
1560,Wright,Minnesota
3072,Yellow Medicine,Minnesota
2435,Adams,Mississippi
834,Alcorn,Mississippi
1266,Amite,Mississippi
760,Attala,Mississippi
1547,Benton,Mississippi
1338,Bolivar,Mississippi
2955,Calhoun,Mississippi
15,Carroll,Mississippi
1659,Chickasaw,Mississippi
24,Choctaw,Mississippi
2290,Claiborne,Mississippi
275,Clarke,Mississippi
3097,Clay,Mississippi
1400,Coahoma,Mississippi
1762,Concordia,Mississippi
2732,Copiah,Mississippi
2157,Covington,Mississippi
2666,DeSoto,Mississippi
1354,Forrest,Mississippi
1293,Franklin,Mississippi
1926,George,Mississippi
2619,Greene,Mississippi
2190,Grenada,Mississippi
889,Hancock,Mississippi
2856,Harrison,Mississippi
465,Hinds,Mississippi
2047,Holmes,Mississippi
70,Humphreys,Mississippi
365,Issaquena,Mississippi
2091,Itawamba,Mississippi
1856,Jackson,Mississippi
2224,Jasper,Mississippi
2322,Jefferson,Mississippi
2777,Jefferson Davis,Mississippi
2214,Jones,Mississippi
2114,Kemper,Mississippi
243,Lafayette,Mississippi
3139,Lamar,Mississippi
1305,Lauderdale,Mississippi
2399,Lawrence,Mississippi
1164,Leake,Mississippi
2318,Lee,Mississippi
2635,Leflore,Mississippi
2363,Lincoln,Mississippi
2572,Lowndes,Mississippi
3008,Madison,Mississippi
401,Marion,Mississippi
2976,Marshall,Mississippi
1705,Monroe,Mississippi
2366,Montgomery,Mississippi
330,Neshoba,Mississippi
2135,Newton,Mississippi
180,Noxubee,Mississippi
755,Oktibbeha,Mississippi
2182,Panola,Mississippi
1337,Pearl River,Mississippi
1689,Perry,Mississippi
1124,Pike,Mississippi
2612,Pontotoc,Mississippi
3066,Prentiss,Mississippi
574,Quitman,Mississippi
2038,Rankin,Mississippi
2720,Scott,Mississippi
36,Sharkey,Mississippi
1003,Simpson,Mississippi
2961,Smith,Mississippi
2262,Stone,Mississippi
3209,Sunflower,Mississippi
736,Tallahatchie,Mississippi
758,Tate,Mississippi
2920,Tippah,Mississippi
3204,Tishomingo,Mississippi
18,Tunica,Mississippi
3128,Union,Mississippi
3114,Walthall,Mississippi
31,Warren,Mississippi
605,Washington,Mississippi
1136,Wayne,Mississippi
1779,Webster,Mississippi
2647,Wilkinson,Mississippi
309,Winston,Mississippi
2144,Yalobusha,Mississippi
876,Yazoo,Mississippi
1848,Adair,Missouri
1219,Andrew,Missouri
2010,Atchison,Missouri
657,Audrain,Missouri
762,Barry,Missouri
3121,Barton,Missouri
3232,Bates,Missouri
2889,Benton,Missouri
1814,Bollinger,Missouri
1793,Boone,Missouri
731,Buchanan,Missouri
1467,Butler,Missouri
2408,Caldwell,Missouri
2296,Calhoun,Missouri
1863,Callaway,Missouri
1074,Camden,Missouri
2645,Cape Girardeau,Missouri
1649,Carroll,Missouri
1412,Carter,Missouri
1329,Cass,Missouri
150,Cedar,Missouri
1225,Chariton,Missouri
1450,Christian,Missouri
643,Clark,Missouri
781,Clay,Missouri
799,Clinton,Missouri
1803,Cole,Missouri
313,Cooper,Missouri
1940,Crawford,Missouri
1759,Dade,Missouri
510,Dallas,Missouri
1416,Daviess,Missouri
3113,DeKalb,Missouri
692,Dent,Missouri
719,Douglas,Missouri
2382,Franklin,Missouri
1709,Gasconade,Missouri
2506,Gentry,Missouri
914,Greene,Missouri
1456,Grundy,Missouri
1796,Harrison,Missouri
3120,Henry,Missouri
3178,Hickory,Missouri
166,Holt,Missouri
1095,Howard,Missouri
1975,Howell,Missouri
3024,Iron,Missouri
1130,Jackson,Missouri
1475,Jasper,Missouri
3199,Jefferson,Missouri
599,Johnson,Missouri
226,Knox,Missouri
854,Laclede,Missouri
54,Lafayette,Missouri
252,Lake,Missouri
5,Lawrence,Missouri
3184,Lewis,Missouri
1044,Lincoln,Missouri
2309,Linn,Missouri
3010,Livingston,Missouri
791,Macon,Missouri
477,Madison,Missouri
2352,Maries,Missouri
2705,Marion,Missouri
2914,McDonald,Missouri
2332,Mercer,Missouri
494,Miller,Missouri
2981,Mississippi,Missouri
2522,Moniteau,Missouri
943,Monroe,Missouri
734,Montgomery,Missouri
1157,Morgan,Missouri
1188,New Madrid,Missouri
3135,Newton,Missouri
2306,Nodaway,Missouri
744,Oregon,Missouri
1014,Osage,Missouri
2702,Ozark,Missouri
948,Pemiscot,Missouri
921,Perry,Missouri
693,Pettis,Missouri
2277,Phelps,Missouri
1334,Pike,Missouri
2373,Platte,Missouri
2280,Polk,Missouri
2963,Pulaski,Missouri
687,Putnam,Missouri
1694,Ralls,Missouri
1473,Randolph,Missouri
395,Ray,Missouri
482,Reynolds,Missouri
539,Ripley,Missouri
144,Saline,Missouri
2197,Schuyler,Missouri
1980,Scotland,Missouri
843,Scott,Missouri
2201,Shannon,Missouri
3098,Shelby,Missouri
2837,St. Charles,Missouri
590,St. Clair,Missouri
342,St. Francois,Missouri
1182,St. Louis,Missouri
2286,St. Louis,Missouri
2495,Ste. Genevieve,Missouri
2962,Stoddard,Missouri
1093,Stone,Missouri
184,Sullivan,Missouri
782,Taney,Missouri
2314,Texas,Missouri
1767,Vernon,Missouri
771,Warren,Missouri
1214,Washington,Missouri
858,Wayne,Missouri
840,Webster,Missouri
414,Worth,Missouri
1851,Wright,Missouri
1713,Moca,Moca
2899,Beaverhead,Montana
2156,Big Horn,Montana
901,Blaine,Montana
873,Broadwater,Montana
1272,Carbon,Montana
2017,Carter,Montana
1009,Cascade,Montana
3015,Chouteau,Montana
533,Custer,Montana
1655,Daniels,Montana
1414,Dawson,Montana
3216,Deer Lodge,Montana
2073,Fallon,Montana
2721,Fergus,Montana
2713,Flathead,Montana
1908,Gallatin,Montana
2799,Garfield,Montana
2873,Glacier,Montana
542,Golden Valley,Montana
171,Granite,Montana
1170,Hill,Montana
934,Jefferson,Montana
71,Judith Basin,Montana
2535,Lake,Montana
1671,Lewis and Clark,Montana
619,Liberty,Montana
2494,Lincoln,Montana
219,Madison,Montana
1513,McCone,Montana
1315,Meagher,Montana
686,Mineral,Montana
3112,Missoula,Montana
3127,Musselshell,Montana
1042,Park,Montana
1299,Petroleum,Montana
91,Phillips,Montana
241,Pondera,Montana
331,Powder River,Montana
2178,Powell,Montana
2442,Prairie,Montana
1646,Ravalli,Montana
535,Richland,Montana
319,Roosevelt,Montana
2453,Rosebud,Montana
167,Sanders,Montana
1880,Sheridan,Montana
1810,Silver Bow,Montana
566,Stillwater,Montana
967,Sweet Grass,Montana
1288,Teton,Montana
1613,Toole,Montana
2657,Treasure,Montana
2886,Valley,Montana
345,Wheatland,Montana
1953,Wibaux,Montana
1644,Yellowstone,Montana
584,Morovis,Morovis
1452,Naguabo,Naguabo
2791,Naranjito,Naranjito
978,Adams,Nebraska
871,Antelope,Nebraska
1707,Arthur,Nebraska
713,Banner,Nebraska
63,Blaine,Nebraska
3163,Boone,Nebraska
1474,Box Butte,Nebraska
3011,Boyd,Nebraska
2111,Brown,Nebraska
2521,Buffalo,Nebraska
1719,Burt,Nebraska
2105,Butler,Nebraska
2371,Cass,Nebraska
3221,Cedar,Nebraska
3194,Chase,Nebraska
698,Cherry,Nebraska
1974,Cheyenne,Nebraska
328,Clay,Nebraska
217,Colfax,Nebraska
1312,Cuming,Nebraska
2923,Custer,Nebraska
961,Dakota,Nebraska
2471,Dawes,Nebraska
2836,Dawson,Nebraska
1301,Deuel,Nebraska
429,Dixon,Nebraska
659,Dodge,Nebraska
2936,Douglas,Nebraska
608,Dundy,Nebraska
562,Fillmore,Nebraska
3078,Franklin,Nebraska
805,Frontier,Nebraska
1641,Furnas,Nebraska
2269,Gage,Nebraska
2754,Garden,Nebraska
1573,Garfield,Nebraska
637,Gosper,Nebraska
302,Grant,Nebraska
829,Greeley,Nebraska
468,Hall,Nebraska
469,Hamilton,Nebraska
2648,Harlan,Nebraska
2491,Hayes,Nebraska
985,Hitchcock,Nebraska
706,Holt,Nebraska
199,Hooker,Nebraska
926,Howard,Nebraska
3017,Jefferson,Nebraska
514,Johnson,Nebraska
1330,Kearney,Nebraska
1440,Keith,Nebraska
113,Keya Paha,Nebraska
387,Kimball,Nebraska
592,Knox,Nebraska
699,Lancaster,Nebraska
2273,Lincoln,Nebraska
1121,Logan,Nebraska
1652,Loup,Nebraska
2943,Madison,Nebraska
1821,McPherson,Nebraska
2275,Merrick,Nebraska
3109,Morrill,Nebraska
2672,Nance,Nebraska
2247,Nemaha,Nebraska
2677,Nuckolls,Nebraska
2365,Otoe,Nebraska
1381,Pawnee,Nebraska
1186,Perkins,Nebraska
701,Phelps,Nebraska
1577,Pierce,Nebraska
1231,Platte,Nebraska
28,Polk,Nebraska
2487,Red Willow,Nebraska
1872,Richardson,Nebraska
2946,Rock,Nebraska
830,Saline,Nebraska
1261,Sarpy,Nebraska
1497,Saunders,Nebraska
2240,Scotts Bluff,Nebraska
1284,Seward,Nebraska
1122,Sheridan,Nebraska
3063,Sherman,Nebraska
2493,Sioux,Nebraska
1392,Stanton,Nebraska
1300,Thayer,Nebraska
2562,Thomas,Nebraska
861,Thurston,Nebraska
1642,Valley,Nebraska
1167,Washington,Nebraska
1914,Wayne,Nebraska
1996,Webster,Nebraska
2854,Wheeler,Nebraska
665,York,Nebraska
1228,Carson City,Nevada
1995,Churchill,Nevada
1664,Clark,Nevada
2138,Douglas,Nevada
1259,Elko,Nevada
2763,Esmeralda,Nevada
51,Eureka,Nevada
2230,Humboldt,Nevada
2502,Lander,Nevada
913,Lincoln,Nevada
1123,Lyon,Nevada
2359,Mineral,Nevada
725,Nye,Nevada
334,Pershing,Nevada
1394,Storey,Nevada
1273,Washoe,Nevada
1223,White Pine,Nevada
1187,Belknap,New Hampshire
656,Carroll,New Hampshire
2131,Cheshire,New Hampshire
2379,Coos,New Hampshire
1085,Grafton,New Hampshire
1274,Hillsborough,New Hampshire
2723,Merrimack,New Hampshire
2745,Rockingham,New Hampshire
2439,Strafford,New Hampshire
2127,Sullivan,New Hampshire
2674,Atlantic,New Jersey
2186,Bergen,New Jersey
2025,Burlington,New Jersey
2002,Camden,New Jersey
2591,Cape May,New Jersey
1618,Cumberland,New Jersey
444,Essex,New Jersey
779,Gloucester,New Jersey
1824,Hudson,New Jersey
3222,Hunterdon,New Jersey
1309,Mercer,New Jersey
1227,Middlesex,New Jersey
645,Monmouth,New Jersey
443,Morris,New Jersey
1836,Ocean,New Jersey
2534,Passaic,New Jersey
2762,Salem,New Jersey
1487,Somerset,New Jersey
2448,Sussex,New Jersey
979,Union,New Jersey
1866,Warren,New Jersey
1875,Bernalillo,New Mexico
354,Catron,New Mexico
2199,Chaves,New Mexico
3033,Cibola,New Mexico
2472,Colfax,New Mexico
410,Curry,New Mexico
954,De Baca,New Mexico
145,Doña Ana,New Mexico
2267,Eddy,New Mexico
389,Grant,New Mexico
1847,Guadalupe,New Mexico
274,Harding,New Mexico
2145,Hidalgo,New Mexico
450,Lea,New Mexico
1600,Lincoln,New Mexico
282,Los Alamos,New Mexico
1502,Luna,New Mexico
73,McKinley,New Mexico
283,Mora,New Mexico
2678,Otero,New Mexico
1754,Quay,New Mexico
907,Rio Arriba,New Mexico
2279,Roosevelt,New Mexico
770,San Juan,New Mexico
242,San Miguel,New Mexico
2929,Sandoval,New Mexico
575,Santa Fe,New Mexico
2098,Sierra,New Mexico
1236,Socorro,New Mexico
2924,Taos,New Mexico
308,Torrance,New Mexico
1542,Union,New Mexico
1307,Valencia,New Mexico
1331,Albany,New York
478,Allegany,New York
2552,Bronx,New York
2422,Broome,New York
2413,Cattaraugus,New York
844,Cayuga,New York
2077,Chautauqua,New York
190,Chemung,New York
578,Chenango,New York
498,Clinton,New York
1285,Columbia,New York
1583,Cortland,New York
1174,Delaware,New York
1206,Dutchess,New York
2724,Erie,New York
1087,Essex,New York
1051,Franklin,New York
2084,Fulton,New York
561,Genesee,New York
1564,Greene,New York
489,Hamilton,New York
1463,Herkimer,New York
2380,Jefferson,New York
2751,Kings,New York
2486,Lewis,New York
2663,Livingston,New York
3041,Madison,New York
2970,Monroe,New York
1384,Montgomery,New York
1807,Nassau,New York
3201,New York,New York
2524,Niagara,New York
1845,Oneida,New York
1751,Onondaga,New York
2043,Ontario,New York
3004,Orange,New York
1268,Orleans,New York
3130,Oswego,New York
3144,Otsego,New York
520,Putnam,New York
2861,Queens,New York
1504,Rensselaer,New York
50,Richmond,New York
2326,Rockland,New York
2451,Saratoga,New York
949,Schenectady,New York
2180,Schoharie,New York
1789,Schuyler,New York
909,Seneca,New York
369,St. Lawrence,New York
1441,Steuben,New York
2913,Suffolk,New York
2406,Sullivan,New York
1961,Tioga,New York
386,Tompkins,New York
964,Ulster,New York
847,Warren,New York
2033,Washington,New York
447,Wayne,New York
40,Westchester,New York
1048,Wyoming,New York
430,Yates,New York
3122,Alamance,North Carolina
3150,Alexander,North Carolina
2807,Alleghany,North Carolina
1249,Anson,North Carolina
94,Ashe,North Carolina
2476,Avery,North Carolina
610,Beaufort,North Carolina
543,Bertie,North Carolina
1840,Bladen,North Carolina
2775,Brunswick,North Carolina
587,Buncombe,North Carolina
3197,Burke,North Carolina
125,Cabarrus,North Carolina
2351,Caldwell,North Carolina
385,Camden,North Carolina
1461,Carteret,North Carolina
1816,Caswell,North Carolina
423,Catawba,North Carolina
1888,Chatham,North Carolina
1841,Cherokee,North Carolina
1421,Chowan,North Carolina
1535,Clay,North Carolina
2384,Cleveland,North Carolina
951,Columbus,North Carolina
3059,Craven,North Carolina
1902,Cumberland,North Carolina
2529,Currituck,North Carolina
2782,Dare,North Carolina
1997,Davidson,North Carolina
1735,Davie,North Carolina
173,Duplin,North Carolina
236,Durham,North Carolina
1855,Edgecombe,North Carolina
2935,Forsyth,North Carolina
2349,Franklin,North Carolina
2965,Gaston,North Carolina
869,Gates,North Carolina
157,Graham,North Carolina
1356,Granville,North Carolina
3188,Greene,North Carolina
1382,Guilford,North Carolina
270,Halifax,North Carolina
1837,Harnett,North Carolina
295,Haywood,North Carolina
1650,Henderson,North Carolina
532,Hertford,North Carolina
984,Hoke,North Carolina
2284,Hyde,North Carolina
2402,Iredell,North Carolina
3068,Jackson,North Carolina
773,Johnston,North Carolina
1057,Jones,North Carolina
882,Lee,North Carolina
1929,Lenoir,North Carolina
1316,Lincoln,North Carolina
1495,Macon,North Carolina
115,Madison,North Carolina
1423,Martin,North Carolina
2310,McDowell,North Carolina
1731,Mecklenburg,North Carolina
2420,Mitchell,North Carolina
349,Montgomery,North Carolina
1353,Moore,North Carolina
2099,Nash,North Carolina
3076,New Hanover,North Carolina
2690,Northampton,North Carolina
182,Onslow,North Carolina
515,Orange,North Carolina
3046,Pamlico,North Carolina
1690,Pasquotank,North Carolina
431,Pender,North Carolina
1270,Perquimans,North Carolina
826,Person,North Carolina
66,Pitt,North Carolina
2956,Polk,North Carolina
2121,Randolph,North Carolina
837,Richmond,North Carolina
601,Robeson,North Carolina
2769,Rockingham,North Carolina
2691,Rowan,North Carolina
2949,Rutherford,North Carolina
1915,Sampson,North Carolina
2282,Scotland,North Carolina
1958,Stanly,North Carolina
1798,Stokes,North Carolina
214,Surry,North Carolina
1348,Swain,North Carolina
99,Transylvania,North Carolina
1602,Tyrrell,North Carolina
435,Union,North Carolina
2895,Vance,North Carolina
76,Wake,North Carolina
2037,Warren,North Carolina
3055,Washington,North Carolina
622,Watauga,North Carolina
1510,Wayne,North Carolina
730,Wilkes,North Carolina
2051,Wilson,North Carolina
1151,Yadkin,North Carolina
74,Yancey,North Carolina
1580,Adams,North Dakota
485,Barnes,North Dakota
129,Benson,North Dakota
3057,Billings,North Dakota
250,Bottineau,North Dakota
727,Bowman,North Dakota
2908,Burke,North Dakota
2362,Burleigh,North Dakota
163,Cass,North Dakota
2489,Cavalier,North Dakota
2797,Dickey,North Dakota
1574,Divide,North Dakota
459,Dunn,North Dakota
3226,Eddy,North Dakota
2253,Emmons,North Dakota
2839,Foster,North Dakota
1753,Golden Valley,North Dakota
1202,Grand Forks,North Dakota
1499,Grant,North Dakota
37,Griggs,North Dakota
1992,Hettinger,North Dakota
1344,Kidder,North Dakota
620,LaMoure,North Dakota
264,Logan,North Dakota
141,McHenry,North Dakota
2036,McIntosh,North Dakota
2516,McKenzie,North Dakota
2610,McLean,North Dakota
12,Mercer,North Dakota
204,Morton,North Dakota
2272,Mountrail,North Dakota
3155,Nelson,North Dakota
2875,Oliver,North Dakota
56,Pembina,North Dakota
2662,Pierce,North Dakota
2005,Ramsey,North Dakota
2307,Ransom,North Dakota
1165,Renville,North Dakota
3182,Richland,North Dakota
3210,Rolette,North Dakota
2120,Sargent,North Dakota
1464,Sheridan,North Dakota
705,Sioux,North Dakota
398,Slope,North Dakota
990,Stark,North Dakota
1349,Steele,North Dakota
674,Stutsman,North Dakota
788,Towner,North Dakota
393,Traill,North Dakota
2789,Walsh,North Dakota
248,Ward,North Dakota
1920,Wells,North Dakota
2395,Williams,North Dakota
2697,Adams,Ohio
1438,Allen,Ohio
509,Ashland,Ohio
2947,Ashtabula,Ohio
72,Athens,Ohio
1152,Auglaize,Ohio
1634,Belmont,Ohio
3142,Brown,Ohio
703,Butler,Ohio
2195,Carroll,Ohio
3028,Champaign,Ohio
851,Clark,Ohio
795,Clermont,Ohio
1391,Clinton,Ohio
2980,Columbiana,Ohio
3117,Coshocton,Ohio
2246,Crawford,Ohio
2996,Cuyahoga,Ohio
276,Darke,Ohio
2298,Defiance,Ohio
2709,Delaware,Ohio
896,Erie,Ohio
2544,Fairfield,Ohio
476,Fayette,Ohio
2658,Franklin,Ohio
483,Fulton,Ohio
1185,Gallia,Ohio
3086,Geauga,Ohio
2941,Greene,Ohio
1212,Guernsey,Ohio
1409,Hamilton,Ohio
1191,Hancock,Ohio
1752,Hardin,Ohio
1693,Harrison,Ohio
10,Henry,Ohio
2607,Highland,Ohio
623,Hocking,Ohio
1632,Holmes,Ohio
2208,Huron,Ohio
1704,Jackson,Ohio
2423,Jefferson,Ohio
2211,Knox,Ohio
593,Lake,Ohio
1458,Lawrence,Ohio
942,Licking,Ohio
3143,Logan,Ohio
307,Lorain,Ohio
863,Lucas,Ohio
2756,Madison,Ohio
2606,Mahoning,Ohio
2731,Marion,Ohio
1536,Medina,Ohio
1874,Meigs,Ohio
1311,Mercer,Ohio
33,Miami,Ohio
2695,Monroe,Ohio
2519,Montgomery,Ohio
229,Morgan,Ohio
1942,Morrow,Ohio
1800,Muskingum,Ohio
1757,Noble,Ohio
29,Ottawa,Ohio
6,Paulding,Ohio
1833,Perry,Ohio
493,Pickaway,Ohio
2243,Pike,Ohio
2228,Portage,Ohio
1823,Preble,Ohio
2872,Putnam,Ohio
262,Richland,Ohio
1635,Ross,Ohio
1038,Sandusky,Ohio
366,Scioto,Ohio
2661,Seneca,Ohio
1775,Shelby,Ohio
2044,Stark,Ohio
2216,Summit,Ohio
1454,Trumbull,Ohio
512,Tuscarawas,Ohio
2541,Union,Ohio
492,Van Wert,Ohio
2455,Vinton,Ohio
2210,Warren,Ohio
194,Washington,Ohio
615,Wayne,Ohio
936,Williams,Ohio
2885,Wood,Ohio
2676,Wyandot,Ohio
2446,Adair,Oklahoma
1545,Alfalfa,Oklahoma
267,Atoka,Oklahoma
784,Beaver,Oklahoma
1267,Beckham,Oklahoma
3044,Blaine,Oklahoma
1867,Bryan,Oklahoma
17,Caddo,Oklahoma
959,Canadian,Oklahoma
2585,Carter,Oklahoma
2623,Cherokee,Oklahoma
3092,Choctaw,Oklahoma
2671,Cimarron,Oklahoma
2405,Cleveland,Oklahoma
3025,Coal,Oklahoma
2167,Comanche,Oklahoma
2587,Cotton,Oklahoma
422,Craig,Oklahoma
1476,Creek,Oklahoma
2617,Custer,Oklahoma
646,Delaware,Oklahoma
1861,Dewey,Oklahoma
1383,Ellis,Oklahoma
2220,Garfield,Oklahoma
1952,Garvin,Oklahoma
1066,Grady,Oklahoma
796,Grant,Oklahoma
2021,Greer,Oklahoma
39,Harmon,Oklahoma
604,Harper,Oklahoma
940,Haskell,Oklahoma
2458,Hughes,Oklahoma
3060,Jackson,Oklahoma
1398,Jefferson,Oklahoma
2846,Johnston,Oklahoma
1229,Kay,Oklahoma
2202,Kingfisher,Oklahoma
1238,Kiowa,Oklahoma
1521,Latimer,Oklahoma
1150,Le Flore,Oklahoma
2795,Lincoln,Oklahoma
1844,Logan,Oklahoma
3050,Love,Oklahoma
2050,Major,Oklahoma
707,Marshall,Oklahoma
22,Mayes,Oklahoma
1730,McClain,Oklahoma
2809,McCurtain,Oklahoma
2532,McIntosh,Oklahoma
2207,Murray,Oklahoma
2574,Muskogee,Oklahoma
3168,Noble,Oklahoma
3218,Nowata,Oklahoma
2637,Okfuskee,Oklahoma
1594,Oklahoma,Oklahoma
392,Okmulgee,Oklahoma
538,Osage,Oklahoma
976,Ottawa,Oklahoma
1140,Pawnee,Oklahoma
3229,Payne,Oklahoma
2743,Pittsburg,Oklahoma
3162,Pontotoc,Oklahoma
402,Pottawatomie,Oklahoma
1386,Pushmataha,Oklahoma
1049,Roger Mills,Oklahoma
16,Rogers,Oklahoma
396,Seminole,Oklahoma
1889,Sequoyah,Oklahoma
792,Stephens,Oklahoma
2755,Texas,Oklahoma
424,Tillman,Oklahoma
2986,Tulsa,Oklahoma
2620,Wagoner,Oklahoma
995,Washington,Oklahoma
290,Washita,Oklahoma
2825,Woods,Oklahoma
920,Woodward,Oklahoma
1680,Chippewa,Ontario
2685,Baker,Oregon
1550,Benton,Oregon
107,Clackamas,Oregon
232,Clatsop,Oregon
756,Columbia,Oregon
2592,Coos,Oregon
358,Crook,Oregon
2768,Curry,Oregon
2512,Deschutes,Oregon
288,Douglas,Oregon
1595,Gilliam,Oregon
1218,Grant,Oregon
3062,Harney,Oregon
294,Hood River,Oregon
971,Jackson,Oregon
1987,Jefferson,Oregon
763,Josephine,Oregon
2001,Klamath,Oregon
271,Lake,Oregon
1924,Lane,Oregon
759,Lincoln,Oregon
497,Linn,Oregon
2383,Malheur,Oregon
2922,Marion,Oregon
965,Morrow,Oregon
2632,Polk,Oregon
1859,Sherman,Oregon
1813,Tillamook,Oregon
1647,Umatilla,Oregon
2715,Union,Oregon
2223,Wallowa,Oregon
181,Wasco,Oregon
1886,Washington,Oregon
35,Wheeler,Oregon
1871,Yamhill,Oregon
1826,Orocovis,Orocovis
1830,Patillas,Patillas
789,Adams,Pennsylvania
1419,Allegheny,Pennsylvania
1184,Armstrong,Pennsylvania
1076,Beaver,Pennsylvania
137,Bedford,Pennsylvania
3039,Berks,Pennsylvania
2278,Blair,Pennsylvania
2590,Bradford,Pennsylvania
1168,Bucks,Pennsylvania
2579,Butler,Pennsylvania
1581,Cambria,Pennsylvania
251,Cameron,Pennsylvania
3067,Carbon,Pennsylvania
2652,Centre,Pennsylvania
49,Chester,Pennsylvania
2689,Clarion,Pennsylvania
977,Clearfield,Pennsylvania
2473,Clinton,Pennsylvania
140,Columbia,Pennsylvania
1177,Crawford,Pennsylvania
326,Cumberland,Pennsylvania
2227,Dauphin,Pennsylvania
2315,Delaware,Pennsylvania
291,Elk,Pennsylvania
650,Erie,Pennsylvania
2957,Fayette,Pennsylvania
223,Forest,Pennsylvania
2644,Franklin,Pennsylvania
1562,Fulton,Pennsylvania
1667,Greene,Pennsylvania
391,Huntingdon,Pennsylvania
2915,Indiana,Pennsylvania
1676,Jefferson,Pennsylvania
1597,Juniata,Pennsylvania
3047,Lackawanna,Pennsylvania
3001,Lancaster,Pennsylvania
2812,Lawrence,Pennsylvania
2083,Lebanon,Pennsylvania
449,Lehigh,Pennsylvania
572,Luzerne,Pennsylvania
1640,Lycoming,Pennsylvania
1387,McKean,Pennsylvania
998,Mercer,Pennsylvania
311,Mifflin,Pennsylvania
2834,Monroe,Pennsylvania
442,Montgomery,Pennsylvania
2312,Montour,Pennsylvania
2642,Northampton,Pennsylvania
2714,Northumberland,Pennsylvania
246,Perry,Pennsylvania
3146,Philadelphia,Pennsylvania
2546,Pike,Pennsylvania
2200,Potter,Pennsylvania
3160,Schuylkill,Pennsylvania
2687,Snyder,Pennsylvania
531,Somerset,Pennsylvania
859,Sullivan,Pennsylvania
2331,Susquehanna,Pennsylvania
227,Tioga,Pennsylvania
1429,Union,Pennsylvania
1772,Venango,Pennsylvania
2977,Warren,Pennsylvania
939,Washington,Pennsylvania
1895,Wayne,Pennsylvania
1437,Westmoreland,Pennsylvania
1111,Wyoming,Pennsylvania
2048,York,Pennsylvania
3045,Ponce,Ponce
1370,Ceiba,Puerto Rico
2238,Culebra,Puerto Rico
3,Fajardo,Puerto Rico
2817,Guánica,Puerto Rico
1021,Loíza,Puerto Rico
2559,Quebradillas,Quebradillas
2330,Bristol,Rhode Island
814,Kent,Rhode Island
1985,Newport,Rhode Island
1946,Providence,Rhode Island
2719,Washington,Rhode Island
47,Rincón,Rincón
2024,Rota,Rota Island
1522,Río Grande,Río Grande
2912,Sabana Grande,Sabana Grande
1530,Saipan,Saipan
1328,Salinas,Salinas
3087,San Germán,San Germán
2570,San Juan,San Juan
2397,San Lorenzo,San Lorenzo
798,San Sebastián,San Sebastián
833,Santa Isabel,Santa Isabel
1145,Abbeville,South Carolina
852,Aiken,South Carolina
1156,Allendale,South Carolina
1472,Anderson,South Carolina
2248,Bamberg,South Carolina
1069,Barnwell,South Carolina
2600,Beaufort,South Carolina
1207,Berkeley,South Carolina
2668,Calhoun,South Carolina
2851,Charleston,South Carolina
2858,Cherokee,South Carolina
3013,Chester,South Carolina
952,Chesterfield,South Carolina
565,Clarendon,South Carolina
898,Colleton,South Carolina
1909,Darlington,South Carolina
925,Dillon,South Carolina
3145,Dorchester,South Carolina
2174,Edgefield,South Carolina
671,Fairfield,South Carolina
874,Florence,South Carolina
1431,Georgetown,South Carolina
1246,Greenville,South Carolina
128,Greenwood,South Carolina
1964,Hampton,South Carolina
1039,Horry,South Carolina
2090,Jasper,South Carolina
2153,Kershaw,South Carolina
786,Lancaster,South Carolina
2261,Laurens,South Carolina
2189,Lee,South Carolina
2823,Lexington,South Carolina
893,Marion,South Carolina
2584,Marlboro,South Carolina
2205,McCormick,South Carolina
997,Newberry,South Carolina
1271,Oconee,South Carolina
2162,Orangeburg,South Carolina
630,Pickens,South Carolina
932,Richland,South Carolina
1199,Saluda,South Carolina
2400,Spartanburg,South Carolina
1379,Sumter,South Carolina
3213,Union,South Carolina
122,Williamsburg,South Carolina
208,York,South Carolina
546,Aurora,South Dakota
1371,Beadle,South Dakota
416,Bennett,South Dakota
299,Bon Homme,South Dakota
438,Brookings,South Dakota
280,Brown,South Dakota
1453,Brule,South Dakota
911,Buffalo,South Dakota
3102,Butte,South Dakota
1944,Campbell,South Dakota
3220,Charles Mix,South Dakota
2007,Clark,South Dakota
1007,Clay,South Dakota
1376,Codington,South Dakota
2549,Corson,South Dakota
2396,Custer,South Dakota
1605,Davison,South Dakota
466,Day,South Dakota
1198,Deuel,South Dakota
1576,Dewey,South Dakota
596,Douglas,South Dakota
2429,Edmunds,South Dakota
1410,Fall River,South Dakota
2765,Faulk,South Dakota
1534,Grant,South Dakota
1178,Gregory,South Dakota
3159,Haakon,South Dakota
3206,Hamlin,South Dakota
86,Hand,South Dakota
2385,Hanson,South Dakota
2274,Harding,South Dakota
1633,Hughes,South Dakota
1893,Hutchinson,South Dakota
667,Hyde,South Dakota
752,Jackson,South Dakota
240,Jerauld,South Dakota
3056,Jones,South Dakota
845,Kingsbury,South Dakota
1815,Lake,South Dakota
718,Lawrence,South Dakota
1965,Lincoln,South Dakota
3169,Lyman,South Dakota
2551,Marshall,South Dakota
3021,McCook,South Dakota
1765,McPherson,South Dakota
1298,Meade,South Dakota
445,Mellette,South Dakota
1898,Miner,South Dakota
2106,Minnehaha,South Dakota
359,Moody,South Dakota
3108,Oglala Lakota,South Dakota
2176,Pennington,South Dakota
548,Perkins,South Dakota
663,Potter,South Dakota
1385,Roberts,South Dakota
2892,Sanborn,South Dakota
1058,Spink,South Dakota
899,Stanley,South Dakota
1559,Sully,South Dakota
1494,Todd,South Dakota
1882,Tripp,South Dakota
425,Turner,South Dakota
1529,Union,South Dakota
2586,Walworth,South Dakota
2712,Yankton,South Dakota
1552,Ziebach,South Dakota
1239,St. Croix,St. Croix
53,St. John,St. John
3124,St. Thomas,St. Thomas
935,Anderson,Tennessee
2456,Bedford,Tennessee
2088,Benton,Tennessee
1283,Bledsoe,Tennessee
729,Blount,Tennessee
3191,Bradley,Tennessee
2112,Campbell,Tennessee
2328,Cannon,Tennessee
503,Carroll,Tennessee
500,Carter,Tennessee
589,Cheatham,Tennessee
2928,Chester,Tennessee
2740,Claiborne,Tennessee
3018,Clay,Tennessee
2412,Cocke,Tennessee
3179,Coffee,Tennessee
938,Crockett,Tennessee
1024,Cumberland,Tennessee
666,Davidson,Tennessee
484,DeKalb,Tennessee
808,Decatur,Tennessee
3177,Dickson,Tennessee
2548,Dyer,Tennessee
947,Fayette,Tennessee
460,Fentress,Tennessee
2660,Franklin,Tennessee
1745,Fulton,Tennessee
944,Gibson,Tennessee
2265,Giles,Tennessee
3081,Grainger,Tennessee
1590,Greene,Tennessee
368,Grundy,Tennessee
3002,Hamblen,Tennessee
2900,Hamilton,Tennessee
1355,Hardeman,Tennessee
892,Hardin,Tennessee
726,Hawkins,Tennessee
1685,Haywood,Tennessee
201,Henderson,Tennessee
3174,Henry,Tennessee
2802,Hickman,Tennessee
508,Houston,Tennessee
1702,Humphreys,Tennessee
1911,Jackson,Tennessee
2804,Jefferson,Tennessee
81,Johnson,Tennessee
1603,Knox,Tennessee
117,Lauderdale,Tennessee
1336,Lawrence,Tennessee
2784,Lewis,Tennessee
664,Lincoln,Tennessee
2686,Loudon,Tennessee
1469,Macon,Tennessee
2890,Madison,Tennessee
1658,Marion,Tennessee
571,Marshall,Tennessee
945,Maury,Tennessee
154,McMinn,Tennessee
335,McNairy,Tennessee
1405,Meigs,Tennessee
1,Monroe,Tennessee
168,Montgomery,Tennessee
1697,Moore,Tennessee
2108,Morgan,Tennessee
2288,Obion,Tennessee
1498,Overton,Tennessee
883,Perry,Tennessee
3211,Pickett,Tennessee
2753,Polk,Tennessee
2460,Putnam,Tennessee
2414,Rhea,Tennessee
406,Roane,Tennessee
2853,Robertson,Tennessee
1317,Rutherford,Tennessee
696,Scott,Tennessee
1243,Sequatchie,Tennessee
329,Sevier,Tennessee
661,Shelby,Tennessee
2454,Smith,Tennessee
2028,Stewart,Tennessee
1347,Sullivan,Tennessee
1673,Sumner,Tennessee
2881,Tipton,Tennessee
970,Trousdale,Tennessee
1831,Unicoi,Tennessee
27,Union,Tennessee
507,Van Buren,Tennessee
2015,Warren,Tennessee
1806,Washington,Tennessee
1011,Wayne,Tennessee
1047,Weakley,Tennessee
1890,White,Tennessee
1951,Williamson,Tennessee
1854,Wilson,Tennessee
2673,Anderson,Texas
499,Andrews,Texas
481,Angelina,Texas
2020,Aransas,Texas
2513,Archer,Texas
700,Armstrong,Texas
1738,Atascosa,Texas
2319,Austin,Texas
2523,Bailey,Texas
1666,Bandera,Texas
1148,Bastrop,Texas
179,Baylor,Texas
1758,Bee,Texas
710,Bell,Texas
1558,Bexar,Texas
1068,Blanco,Texas
2874,Borden,Texas
803,Bosque,Texas
2136,Bowie,Texas
1040,Brazoria,Texas
1665,Brazos,Texas
585,Brewster,Texas
245,Briscoe,Texas
303,Brooks,Texas
654,Brown,Texas
1295,Burleson,Texas
2398,Burnet,Texas
2707,Caldwell,Texas
1192,Calhoun,Texas
1768,Callahan,Texas
473,Cameron,Texas
1397,Camp,Texas
399,Carson,Texas
1943,Cass,Texas
928,Castro,Texas
906,Chambers,Texas
777,Cherokee,Texas
3186,Childress,Texas
2788,Clay,Texas
1017,Cochran,Texas
64,Coke,Texas
490,Coleman,Texas
2518,Collin,Texas
3172,Collingsworth,Texas
1373,Colorado,Texas
133,Comal,Texas
2726,Comanche,Texas
1609,Concho,Texas
528,Cooke,Texas
131,Coryell,Texas
1500,Cottle,Texas
247,Crane,Texas
1868,Crockett,Texas
2567,Crosby,Texas
3200,Culberson,Texas
1023,Dallam,Texas
1973,Dallas,Texas
2268,Dawson,Texas
1447,DeWitt,Texas
780,Deaf Smith,Texas
825,Delta,Texas
1407,Denton,Texas
1053,Dickens,Texas
360,Dimmit,Texas
2952,Donley,Texas
2377,Duval,Texas
1318,Eastland,Texas
185,Ector,Texas
1570,Edwards,Texas
2079,El Paso,Texas
296,Ellis,Texas
2583,Erath,Texas
1928,Falls,Texas
2226,Fannin,Texas
3141,Fayette,Texas
1607,Fisher,Texas
1566,Floyd,Texas
741,Foard,Texas
379,Fort Bend,Texas
2255,Franklin,Texas
550,Freestone,Texas
2490,Frio,Texas
2931,Gaines,Texas
3048,Galveston,Texas
1917,Garza,Texas
2757,Gillespie,Texas
3173,Glasscock,Texas
2545,Goliad,Texas
2558,Gonzales,Texas
524,Gray,Texas
2682,Grayson,Texas
340,Gregg,Texas
3181,Grimes,Texas
749,Guadalupe,Texas
1887,Hale,Texas
1393,Hall,Texas
463,Hamilton,Texas
552,Hansford,Texas
2975,Hardeman,Texas
2303,Hardin,Texas
864,Harris,Texas
612,Harrison,Texas
3231,Hartley,Texas
2285,Haskell,Texas
504,Hays,Texas
3027,Hemphill,Texas
1703,Henderson,Texas
711,Hidalgo,Texas
193,Hill,Texas
3228,Hockley,Texas
1725,Hood,Texas
1683,Hopkins,Texas
2580,Houston,Texas
1190,Howard,Texas
1587,Hudspeth,Texas
1269,Hunt,Texas
577,Hutchinson,Texas
2958,Irion,Texas
991,Jack,Texas
2152,Jackson,Texas
2636,Jasper,Texas
2410,Jeff Davis,Texas
2113,Jefferson,Texas
3129,Jim Hogg,Texas
1778,Jim Wells,Texas
1695,Johnson,Texas
2403,Jones,Texas
994,Karnes,Texas
3151,Kaufman,Texas
2251,Kendall,Texas
1169,Kenedy,Texas
451,Kent,Texas
357,Kerr,Texas
82,Kimble,Texas
676,King,Texas
2361,Kinney,Texas
2595,Kleberg,Texas
2937,Knox,Texas
84,La Salle,Texas
607,Lamar,Texas
2985,Lamb,Texas
1425,Lampasas,Texas
1172,Lavaca,Texas
2746,Lee,Texas
9,Leon,Texas
3192,Liberty,Texas
317,Limestone,Texas
2725,Lipscomb,Texas
1734,Live Oak,Texas
1436,Llano,Texas
452,Loving,Texas
156,Lubbock,Texas
983,Lynn,Texas
1395,Madison,Texas
2750,Marion,Texas
735,Martin,Texas
2781,Mason,Texas
1508,Matagorda,Texas
2818,Maverick,Texas
2868,McCulloch,Texas
116,McLennan,Texas
1678,McMullen,Texas
2483,Medina,Texas
2556,Menard,Texas
278,Midland,Texas
310,Milam,Texas
721,Mills,Texas
304,Mitchell,Texas
1957,Montague,Texas
1777,Montgomery,Texas
1176,Moore,Texas
90,Morris,Texas
1701,Motley,Texas
1244,Nacogdoches,Texas
887,Navarro,Texas
1883,Newton,Texas
2904,Nolan,Texas
1503,Nueces,Texas
1795,Ochiltree,Texas
2918,Oldham,Texas
225,Orange,Texas
557,Palo Pinto,Texas
3230,Panola,Texas
1900,Parker,Texas
1350,Parmer,Texas
2488,Pecos,Texas
1134,Polk,Texas
1465,Potter,Texas
2149,Presidio,Texas
207,Rains,Texas
491,Randall,Texas
836,Reagan,Texas
628,Real,Texas
2424,Red River,Texas
2631,Reeves,Texas
3126,Refugio,Texas
2887,Roberts,Texas
332,Robertson,Texas
4,Rockwall,Texas
551,Runnels,Texas
1687,Rusk,Texas
2803,Sabine,Texas
67,San Augustine,Texas
2250,San Jacinto,Texas
2215,San Patricio,Texas
1978,San Saba,Texas
233,Schleicher,Texas
910,Scurry,Texas
1100,Shackelford,Texas
642,Shelby,Texas
1736,Sherman,Texas
580,Smith,Texas
3208,Somervell,Texas
1411,Starr,Texas
3217,Stephens,Texas
1706,Sterling,Texas
2008,Stonewall,Texas
2573,Sutton,Texas
1365,Swisher,Texas
2833,Tarrant,Texas
813,Taylor,Texas
2517,Terrell,Texas
1471,Terry,Texas
1146,Throckmorton,Texas
2030,Titus,Texas
1869,Tom Green,Texas
221,Travis,Texas
683,Trinity,Texas
2388,Tyler,Texas
694,Upshur,Texas
1684,Upton,Texas
559,Uvalde,Texas
2320,Val Verde,Texas
2055,Van Zandt,Texas
3043,Victoria,Texas
1479,Walker,Texas
849,Waller,Texas
2092,Ward,Texas
249,Washington,Texas
97,Webb,Texas
2372,Wharton,Texas
3000,Wheeler,Texas
1008,Wichita,Texas
2538,Wilbarger,Texas
2716,Willacy,Texas
648,Williamson,Texas
1630,Wilson,Texas
2154,Winkler,Texas
518,Wise,Texas
1601,Wood,Texas
1870,Yoakum,Texas
2291,Young,Texas
1884,Zapata,Texas
2792,Zavala,Texas
522,Toa Alta,Toa Alta
2634,Toa Baja,Toa Baja
1792,Trujillo Alto,Trujillo Alto
904,Beaver,Utah
1333,Box Elder,Utah
597,Cache,Utah
200,Carbon,Utah
3074,Daggett,Utah
3022,Davis,Utah
114,Duchesne,Utah
2169,Emery,Utah
3054,Garfield,Utah
212,Grand,Utah
1760,Iron,Utah
2082,Juab,Utah
2039,Kane,Utah
2701,Millard,Utah
2376,Morgan,Utah
766,Piute,Utah
1537,Rich,Utah
1935,Salt Lake,Utah
2537,San Juan,Utah
3212,Sanpete,Utah
408,Sevier,Utah
767,Summit,Utah
1432,Tooele,Utah
1865,Uintah,Utah
448,Utah,Utah
3105,Wasatch,Utah
411,Washington,Utah
573,Wayne,Utah
143,Weber,Utah
1727,Utuado,Utuado
2509,Vega Alta,Vega Alta
1934,Vega Baja,Vega Baja
2664,Addison,Vermont
2979,Bennington,Vermont
2304,Caledonia,Vermont
681,Chittenden,Vermont
2257,Essex,Vermont
3125,Franklin,Vermont
77,Grand Isle,Vermont
281,Lamoille,Vermont
2356,Orange,Vermont
953,Orleans,Vermont
1913,Rutland,Vermont
3104,Washington,Vermont
815,Windham,Vermont
2086,Windsor,Vermont
1019,Vieques,Vieques
783,Villalba,Villalba
1611,Accomack,Virginia
2289,Albemarle,Virginia
1446,Alexandria,Virginia
2239,Alleghany,Virginia
1138,Amelia,Virginia
832,Amherst,Virginia
2643,Appomattox,Virginia
1938,Arlington,Virginia
174,Augusta,Virginia
169,Bath,Virginia
1012,Bedford,Virginia
2437,Bland,Virginia
908,Botetourt,Virginia
1037,Bristol,Virginia
2102,Brunswick,Virginia
1204,Buchanan,Virginia
1092,Buckingham,Virginia
860,Buena Vista,Virginia
582,Campbell,Virginia
1072,Caroline,Virginia
1483,Carroll,Virginia
409,Charles City,Virginia
2708,Charlotte,Virginia
2353,Charlottesville,Virginia
397,Chesapeake,Virginia
695,Chesterfield,Virginia
2510,Clarke,Virginia
1073,Colonial Heights,Virginia
3138,Covington,Virginia
2801,Craig,Virginia
2999,Culpeper,Virginia
527,Cumberland,Virginia
2056,Danville,Virginia
2299,Dickenson,Virginia
1034,Dinwiddie,Virginia
3134,Emporia,Virginia
1899,Essex,Virginia
149,Fairfax,Virginia
343,Fairfax,Virginia
1213,Falls Church,Virginia
501,Fauquier,Virginia
371,Floyd,Virginia
80,Fluvanna,Virginia
152,Franklin,Virginia
2147,Franklin,Virginia
3227,Frederick,Virginia
83,Fredericksburg,Virginia
675,Galax,Virginia
634,Giles,Virginia
1903,Gloucester,Virginia
2808,Goochland,Virginia
2604,Grayson,Virginia
2023,Greene,Virginia
2175,Greensville,Virginia
2847,Halifax,Virginia
2103,Hampton,Virginia
1027,Hancock,Virginia
2236,Hanover,Virginia
1232,Harrisonburg,Virginia
2035,Henrico,Virginia
1670,Henry,Virginia
1064,Highland,Virginia
1835,Hopewell,Virginia
3156,Isle of Wight,Virginia
1077,James City,Virginia
1523,King George,Virginia
618,King William,Virginia
367,King and Queen,Virginia
220,Lancaster,Virginia
1302,Lee,Virginia
1842,Lexington,Virginia
1988,Loudoun,Virginia
930,Louisa,Virginia
2703,Lunenburg,Virginia
3101,Lynchburg,Virginia
266,Madison,Virginia
348,Manassas,Virginia
516,Manassas Park,Virginia
3091,Martinsville,Virginia
1294,Mathews,Virginia
817,Mecklenburg,Virginia
1200,Middlesex,Virginia
1313,Montgomery,Virginia
192,Nelson,Virginia
862,New Kent,Virginia
293,Newport News,Virginia
2067,Norfolk,Virginia
1531,Northampton,Virginia
2575,Northumberland,Virginia
1404,Norton,Virginia
1159,Nottoway,Virginia
2370,Orange,Virginia
2857,Page,Virginia
1692,Patrick,Virginia
205,Petersburg,Virginia
1820,Pittsylvania,Virginia
1538,Poquoson,Virginia
884,Portsmouth,Virginia
260,Powhatan,Virginia
2987,Prince Edward,Virginia
210,Prince George,Virginia
3049,Prince William,Virginia
902,Pulaski,Virginia
1221,Radford,Virginia
1790,Rappahannock,Virginia
1686,Richmond,Virginia
2785,Richmond,Virginia
273,Roanoke,Virginia
2844,Roanoke,Virginia
1864,Rockbridge,Virginia
92,Rockingham,Virginia
234,Russell,Virginia
1439,Salem,Virginia
407,Scott,Virginia
60,Shenandoah,Virginia
2164,Smyth,Virginia
2325,Southampton,Virginia
3225,Spotsylvania,Virginia
819,Stafford,Virginia
1505,Staunton,Virginia
461,Suffolk,Virginia
594,Surry,Virginia
2729,Sussex,Virginia
3111,Tazewell,Virginia
218,Virginia Beach,Virginia
2667,Warren,Virginia
2843,Washington,Virginia
972,Waynesboro,Virginia
1628,Westmoreland,Virginia
3196,Williamsburg,Virginia
172,Winchester,Virginia
1161,Wise,Virginia
745,Wythe,Virginia
1769,York,Virginia
1296,Adams,Washington
2060,Asotin,Washington
1030,Benton,Washington
1018,Chelan,Washington
286,Clallam,Washington
684,Clark,Washington
277,Columbia,Washington
2071,Cowlitz,Washington
426,Douglas,Washington
1492,Ferry,Washington
101,Franklin,Washington
65,Garfield,Washington
3099,Grant,Washington
1507,Grays Harbor,Washington
866,Island,Washington
848,Jefferson,Washington
1960,King,Washington
1173,Kitsap,Washington
2602,Kittitas,Washington
1626,Klickitat,Washington
708,Lewis,Washington
3107,Lincoln,Washington
804,Mason,Washington
2355,Multnomah,Washington
1245,Okanogan,Washington
2292,Pacific,Washington
1827,Pend Oreille,Washington
98,Pierce,Washington
1729,San Juan,Washington
2438,Skagit,Washington
2221,Skamania,Washington
635,Snohomish,Washington
3167,Spokane,Washington
2391,Stevens,Washington
811,Thurston,Washington
2445,Wahkiakum,Washington
669,Walla Walla,Washington
881,Whatcom,Washington
1984,Whitman,Washington
1361,Yakima,Washington
1233,Barbour,West Virginia
3084,Berkeley,West Virginia
1319,Boone,West Virginia
1260,Braxton,West Virginia
2436,Brooke,West Virginia
2692,Cabell,West Virginia
2324,Calhoun,West Virginia
1818,Clay,West Virginia
1389,Doddridge,West Virginia
158,Fayette,West Virginia
1059,Gilmer,West Virginia
536,Grant,West Virginia
2633,Greenbrier,West Virginia
1002,Hampshire,West Virginia
733,Hancock,West Virginia
996,Hardy,West Virginia
1006,Harrison,West Virginia
2018,Jackson,West Virginia
160,Jefferson,West Virginia
209,Kanawha,West Virginia
1773,Lewis,West Virginia
2766,Lincoln,West Virginia
633,Logan,West Virginia
2068,Marion,West Virginia
2696,Marshall,West Virginia
2878,Mason,West Virginia
1005,McDowell,West Virginia
1114,Mercer,West Virginia
2698,Mineral,West Virginia
2219,Mingo,West Virginia
130,Monongalia,West Virginia
176,Monroe,West Virginia
1426,Morgan,West Virginia
2203,Nicholas,West Virginia
2212,Ohio,West Virginia
1149,Pendleton,West Virginia
2266,Pleasants,West Virginia
2901,Pocahontas,West Virginia
3032,Preston,West Virginia
1894,Putnam,West Virginia
918,Raleigh,West Virginia
440,Randolph,West Virginia
2421,Ritchie,West Virginia
1265,Roane,West Virginia
1506,Summers,West Virginia
1290,Taylor,West Virginia
2387,Tucker,West Virginia
1606,Tyler,West Virginia
1045,Upshur,West Virginia
2786,Wayne,West Virginia
2477,Webster,West Virginia
2563,Wetzel,West Virginia
655,Wirt,West Virginia
624,Wood,West Virginia
3065,Wyoming,West Virginia
3070,Western,Western District
2613,Adams,Wisconsin
1339,Ashland,Wisconsin
3183,Barron,Wisconsin
1808,Bayfield,Wisconsin
2520,Brown,Wisconsin
1433,Buffalo,Wisconsin
2417,Burnett,Wisconsin
1612,Calumet,Wisconsin
2418,Chippewa,Wisconsin
1306,Clark,Wisconsin
2774,Columbia,Wisconsin
2829,Crawford,Wisconsin
2627,Dane,Wisconsin
1131,Dodge,Wisconsin
2341,Door,Wisconsin
1401,Douglas,Wisconsin
2234,Dunn,Wisconsin
2041,Eau Claire,Wisconsin
2281,Florence,Wisconsin
2824,Fond du Lac,Wisconsin
1113,Forest,Wisconsin
2767,Grant,Wisconsin
413,Green,Wisconsin
1451,Green Lake,Wisconsin
1977,Iowa,Wisconsin
2734,Iron,Wisconsin
1782,Jackson,Wisconsin
1137,Jefferson,Wisconsin
591,Juneau,Wisconsin
1797,Kenosha,Wisconsin
625,Kewaunee,Wisconsin
1541,La Crosse,Wisconsin
2256,Lafayette,Wisconsin
2480,Langlade,Wisconsin
2198,Lincoln,Wisconsin
2340,Manitowoc,Wisconsin
761,Marathon,Wisconsin
3215,Marinette,Wisconsin
1857,Marquette,Wisconsin
1071,Menominee,Wisconsin
2019,Milwaukee,Wisconsin
62,Monroe,Wisconsin
48,Oconto,Wisconsin
846,Oneida,Wisconsin
523,Outagamie,Wisconsin
2260,Ozaukee,Wisconsin
2983,Pepin,Wisconsin
1663,Pierce,Wisconsin
519,Polk,Wisconsin
1224,Portage,Wisconsin
685,Price,Wisconsin
1722,Racine,Wisconsin
2193,Richland,Wisconsin
1700,Rock,Wisconsin
2896,Rusk,Wisconsin
353,Sauk,Wisconsin
748,Sawyer,Wisconsin
306,Shawano,Wisconsin
2819,Sheboygan,Wisconsin
2893,St. Croix,Wisconsin
1592,Taylor,Wisconsin
870,Trempealeau,Wisconsin
255,Vernon,Wisconsin
2134,Vilas,Wisconsin
2358,Walworth,Wisconsin
2378,Washburn,Wisconsin
2822,Washington,Wisconsin
1654,Waukesha,Wisconsin
1912,Waupaca,Wisconsin
2926,Waushara,Wisconsin
2869,Winnebago,Wisconsin
1160,Wood,Wisconsin
1969,Albany,Wyoming
2459,Big Horn,Wyoming
2155,Campbell,Wyoming
2827,Carbon,Wyoming
1907,Converse,Wyoming
1805,Crook,Wyoming
228,Fremont,Wyoming
2669,Goshen,Wyoming
2693,Hot Springs,Wyoming
564,Johnson,Wyoming
2409,Laramie,Wyoming
2225,Lincoln,Wyoming
1828,Natrona,Wyoming
333,Niobrara,Wyoming
1970,Park,Wyoming
895,Platte,Wyoming
2194,Sheridan,Wyoming
2337,Sublette,Wyoming
737,Sweetwater,Wyoming
2994,Teton,Wyoming
2229,Uinta,Wyoming
384,Washakie,Wyoming
3190,Weston,Wyoming
824,Yabucoa,Yabucoa
2137,Yauco,Yauco
